id,id_entreprise,type,quantity,creation_date,end_date
1,14,frais,0,2024-06-07,2025-07-23
2,13,sec,1,2024-09-19,2025-03-18
3,7,frais,39,2023-03-03,2025-06-10
4,3,frais,6,2024-12-22,2025-11-09
5,14,mixte,70,2023-02-28,2025-06-23
6,7,legume,14,2024-12-16,2025-05-27
7,1,legume,17,2023-12-16,2025-11-05
8,10,frais,200,2023-12-03,2025-12-10
9,7,mixte,0,2023-07-05,2025-07-23
10,8,mixte,43,2024-04-26,2025-11-08
11,5,sec,0,2024-06-15,2025-11-17
12,2,legume,23,2024-10-21,2025-07-08
13,8,mixte,2,2023-04-23,2025-01-27
14,15,legume,0,2024-02-09,2025-03-23
15,4,frais,0,2024-12-31,2025-03-16
16,14,frais,122,2023-07-01,2025-12-17
17,4,sec,54,2023-02-23,2025-02-10
18,9,mixte,93,2024-01-18,2025-02-08
19,5,legume,327,2023-06-24,2025-10-18
20,2,frais,0,2023-06-06,2025-02-04
21,8,legume,346,2023-05-07,2025-08-26
22,10,legume,0,2024-01-15,2025-12-09
23,11,frais,40,2023-12-09,2025-10-07
24,14,sec,4,2023-01-19,2025-10-05
25,3,legume,13,2023-09-26,2025-10-02
26,5,frais,0,2024-02-13,2025-07-07
27,13,sec,39,2023-11-13,2025-02-14
28,7,sec,5,2023-02-08,2025-01-30
29,12,sec,0,2023-12-14,2025-06-06
30,8,mixte,0,2023-12-08,2025-04-22
31,10,mixte,37,2023-01-22,2025-07-28
32,6,mixte,35,2024-12-10,2025-03-23
33,3,sec,293,2024-12-11,2025-03-26
34,12,legume,32,2023-06-04,2025-06-27
35,8,mixte,66,2024-12-31,2025-05-14
36,15,frais,2,2023-06-13,2025-03-24
37,9,legume,16,2023-05-17,2025-02-15
38,6,sec,4,2024-03-14,2025-02-16
39,2,sec,99,2024-03-15,2025-07-20
40,9,mixte,38,2023-10-29,2025-11-04
41,4,mixte,4,2024-06-14,2025-10-25
42,13,frais,5,2024-10-25,2025-11-15
43,3,legume,4,2024-04-29,2025-11-10
44,2,legume,58,2024-07-16,2025-03-19
45,12,mixte,3,2024-05-07,2025-10-09
46,3,legume,0,2023-07-03,2025-07-22
47,6,frais,64,2024-03-08,2025-08-02
48,14,frais,0,2023-08-06,2025-02-07
49,11,sec,5,2023-01-03,2025-08-30
50,9,sec,2,2024-08-29,2025-05-24
51,2,mixte,3,2023-01-31,2025-06-22
52,8,legume,0,2024-05-06,2025-04-21
53,6,legume,0,2024-06-10,2025-06-29
54,7,frais,0,2024-08-16,2025-07-07
55,12,frais,0,2023-11-26,2025-10-26
56,4,legume,28,2023-07-05,2025-06-04
57,14,legume,0,2024-08-21,2025-06-21
58,10,legume,1,2024-06-02,2025-10-26
59,3,mixte,137,2023-09-05,2025-08-22
60,15,frais,50,2024-09-07,2025-09-14
61,7,legume,0,2023-11-22,2025-01-10
62,3,mixte,6,2024-08-28,2025-11-02
63,10,mixte,15,2024-01-06,2025-07-24
64,5,frais,18,2023-04-05,2025-10-06
65,12,sec,149,2024-05-23,2025-11-17
66,5,legume,0,2024-02-28,2025-07-15
67,13,legume,10,2023-06-30,2025-06-07
68,7,sec,11,2024-08-18,2025-06-04
69,5,legume,105,2024-08-14,2025-07-18
70,1,frais,10,2024-12-16,2025-02-18
71,4,legume,0,2023-04-30,2025-04-23
72,7,legume,65,2024-04-22,2025-07-21
73,5,mixte,91,2024-05-21,2025-01-31
74,15,sec,9,2023-02-13,2025-12-28
75,2,mixte,1,2023-11-13,2025-09-12
76,15,sec,488,2024-01-10,2025-05-14
77,11,legume,92,2023-07-13,2025-01-23
78,9,frais,163,2023-07-27,2025-12-12
79,9,legume,19,2024-10-21,2025-03-26
80,11,sec,81,2023-01-16,2025-04-04
81,12,legume,391,2023-02-11,2025-08-27
82,6,legume,12,2024-08-10,2025-01-18
83,12,legume,2,2024-06-15,2025-06-17
84,11,sec,335,2024-11-03,2025-08-21
85,2,mixte,28,2024-09-24,2025-04-11
86,8,frais,38,2023-02-11,2025-01-29
87,3,legume,7,2024-02-12,2025-03-09
88,8,legume,0,2024-08-27,2025-02-17
89,11,frais,1,2023-04-12,2025-02-28
90,1,sec,9,2024-04-07,2025-08-26
91,5,legume,150,2024-10-06,2025-05-13
92,2,frais,0,2023-09-25,2025-07-17
93,8,frais,326,2024-01-18,2025-06-13
94,11,sec,2,2024-11-05,2025-12-06
95,13,legume,56,2023-06-15,2025-11-17
96,2,frais,0,2023-07-18,2025-11-18
97,3,frais,17,2023-01-01,2025-09-02
98,15,frais,51,2024-12-09,2025-01-23
99,8,legume,0,2023-07-16,2025-01-12
100,2,frais,0,2023-06-06,2025-02-25
101,5,legume,48,2024-07-19,2025-07-14
102,6,frais,112,2024-11-22,2025-10-14
103,14,legume,40,2024-03-22,2025-01-16
104,5,mixte,0,2023-04-06,2025-11-03
105,6,legume,329,2024-07-02,2025-11-06
106,12,mixte,45,2023-04-16,2025-07-03
107,13,sec,38,2024-04-12,2025-10-28
108,3,sec,0,2024-04-16,2025-11-29
109,4,frais,4,2023-05-27,2025-08-20
110,6,legume,2,2024-04-28,2025-01-04
111,7,legume,244,2023-06-30,2025-12-01
112,10,sec,3,2023-08-11,2025-01-22
113,9,frais,1,2024-10-31,2025-07-21
114,11,legume,29,2023-09-29,2025-05-27
115,3,frais,2,2024-05-01,2025-09-26
116,10,sec,0,2023-10-18,2025-09-28
117,9,mixte,3,2024-09-09,2025-07-13
118,15,mixte,51,2023-03-12,2025-01-01
119,1,mixte,3,2024-06-22,2025-03-11
120,6,mixte,23,2023-02-14,2025-10-12
121,2,mixte,31,2023-05-14,2025-01-02
122,12,sec,14,2023-09-30,2025-09-15
123,15,legume,0,2023-02-16,2025-12-10
124,2,sec,2,2023-01-25,2025-05-27
125,1,mixte,238,2024-09-23,2025-11-17
126,8,frais,4,2023-12-26,2025-12-05
127,2,sec,11,2024-05-09,2025-08-11
128,3,sec,2,2023-03-29,2025-09-20
129,12,mixte,93,2024-10-01,2025-12-30
130,8,sec,2,2023-02-23,2025-07-10
131,3,mixte,4,2024-07-19,2025-05-02
132,12,legume,9,2023-03-24,2025-11-04
133,14,legume,157,2023-07-26,2025-01-25
134,8,sec,413,2024-01-24,2025-02-11
135,14,mixte,0,2023-01-16,2025-04-21
136,1,legume,0,2023-08-21,2025-08-09
137,15,legume,36,2023-05-29,2025-08-17
138,6,frais,1,2023-01-22,2025-03-19
139,6,frais,3,2023-09-22,2025-04-22
140,2,legume,77,2024-10-28,2025-11-23
141,12,legume,1,2024-09-27,2025-08-01
142,12,sec,0,2023-10-10,2025-05-14
143,7,sec,23,2024-03-11,2025-08-09
144,14,mixte,76,2024-05-21,2025-05-25
145,8,mixte,25,2023-09-19,2025-12-01
146,1,frais,10,2023-08-04,2025-06-09
147,15,sec,145,2023-11-20,2025-12-31
148,4,mixte,53,2023-08-25,2025-04-06
149,9,mixte,6,2023-04-13,2025-06-28
150,10,mixte,0,2024-09-25,2025-01-02
151,7,mixte,0,2024-08-07,2025-04-23
152,3,mixte,1,2023-06-07,2025-10-19
153,4,mixte,17,2023-02-27,2025-04-22
154,10,sec,3,2024-07-03,2025-07-13
155,2,legume,4,2023-05-16,2025-11-27
156,7,mixte,429,2023-01-15,2025-08-30
157,15,legume,46,2024-11-14,2025-06-19
158,5,frais,29,2023-07-03,2025-05-16
159,13,frais,205,2023-04-16,2025-07-23
160,7,mixte,347,2023-06-16,2025-01-24
161,11,sec,0,2023-11-23,2025-12-27
162,8,legume,48,2023-12-15,2025-08-27
163,2,mixte,0,2023-12-19,2025-08-01
164,11,mixte,6,2023-01-27,2025-11-11
165,3,frais,194,2024-08-18,2025-04-26
166,11,frais,80,2023-04-23,2025-12-26
167,6,sec,42,2024-03-12,2025-01-28
168,15,frais,22,2023-11-27,2025-01-29
169,5,frais,13,2024-03-13,2025-04-18
170,13,sec,96,2023-06-07,2025-12-12
171,11,mixte,0,2023-10-01,2025-05-30
172,9,legume,0,2023-02-28,2025-08-19
173,8,sec,18,2024-08-25,2025-08-25
174,8,legume,0,2024-10-29,2025-10-03
175,2,mixte,0,2023-09-19,2025-04-24
176,7,sec,1,2024-03-24,2025-12-01
177,6,frais,3,2023-03-30,2025-06-07
178,3,legume,156,2023-05-16,2025-01-08
179,2,mixte,13,2024-05-06,2025-10-09
180,3,mixte,59,2023-03-26,2025-02-08
181,5,legume,4,2023-09-18,2025-08-06
182,4,frais,2,2024-03-01,2025-04-08
183,11,legume,9,2023-07-18,2025-11-07
184,2,legume,41,2024-11-25,2025-06-01
185,3,sec,0,2024-07-09,2025-05-22
186,6,sec,16,2024-04-21,2025-11-11
187,14,legume,0,2024-05-30,2025-04-09
188,4,legume,176,2024-01-19,2025-06-02
189,7,mixte,0,2023-07-10,2025-03-02
190,12,sec,0,2024-07-24,2025-12-21
191,3,sec,0,2024-02-04,2025-09-14
192,10,mixte,11,2024-10-18,2025-05-10
193,5,mixte,12,2023-04-27,2025-03-28
194,4,sec,0,2023-04-24,2025-07-27
195,1,legume,6,2023-05-25,2025-10-01
196,11,legume,361,2024-08-05,2025-12-02
197,6,legume,155,2023-05-17,2025-03-10
198,6,mixte,0,2024-09-12,2025-05-30
199,3,mixte,7,2023-01-11,2025-09-20
200,8,sec,0,2023-07-11,2025-03-01
201,14,frais,29,2024-11-18,2025-07-04
202,13,mixte,0,2023-04-04,2025-08-10
203,14,frais,186,2024-12-18,2025-12-01
204,15,frais,1,2023-01-27,2025-03-18
205,11,mixte,0,2024-01-22,2025-08-31
206,1,frais,0,2024-10-27,2025-06-13
207,8,legume,1,2024-11-13,2025-03-31
208,9,frais,7,2024-11-29,2025-06-02
209,4,frais,13,2023-05-26,2025-06-20
210,11,frais,9,2024-02-10,2025-05-19
211,15,sec,44,2024-05-30,2025-10-10
212,1,sec,0,2023-03-18,2025-03-31
213,7,sec,1,2024-04-17,2025-01-04
214,14,mixte,4,2024-08-01,2025-09-29
215,8,mixte,26,2023-04-19,2025-08-15
216,14,sec,115,2023-12-03,2025-09-27
217,9,mixte,22,2024-12-30,2025-11-05
218,2,legume,0,2023-07-17,2025-10-25
219,15,frais,1,2024-01-25,2025-04-10
220,15,sec,15,2024-05-03,2025-12-13
221,2,frais,14,2023-09-07,2025-06-25
222,14,frais,98,2024-04-28,2025-08-25
223,14,frais,12,2024-06-02,2025-03-05
224,1,sec,53,2024-04-06,2025-07-27
225,10,sec,70,2023-11-21,2025-10-13
226,15,legume,0,2024-01-17,2025-08-30
227,2,mixte,2,2024-08-15,2025-04-01
228,13,mixte,134,2023-08-14,2025-11-21
229,15,mixte,4,2023-02-10,2025-06-30
230,13,sec,0,2023-11-28,2025-05-09
231,9,sec,4,2023-10-15,2025-07-30
232,15,sec,45,2023-12-12,2025-11-28
233,7,frais,0,2023-07-31,2025-01-13
234,14,frais,2,2024-05-03,2025-12-31
235,10,frais,1,2023-06-03,2025-10-25
236,8,mixte,0,2024-12-29,2025-09-10
237,7,frais,31,2024-02-10,2025-03-16
238,12,legume,0,2023-08-19,2025-08-23
239,12,mixte,0,2024-07-18,2025-09-10
240,8,legume,5,2024-12-01,2025-10-13
241,1,mixte,188,2024-12-24,2025-03-14
242,11,sec,463,2024-10-31,2025-06-24
243,14,mixte,5,2023-08-14,2025-09-13
244,4,mixte,1,2023-11-07,2025-05-19
245,15,frais,12,2023-04-06,2025-06-13
246,11,legume,0,2023-05-29,2025-01-01
247,15,frais,174,2023-06-06,2025-11-07
248,9,legume,3,2023-02-28,2025-10-09
249,7,mixte,0,2023-10-24,2025-10-06
250,15,mixte,0,2023-08-28,2025-06-11
251,15,legume,3,2024-08-12,2025-12-05
252,15,legume,0,2024-12-29,2025-12-18
253,4,frais,0,2023-05-01,2025-04-01
254,7,frais,321,2024-02-12,2025-07-21
255,13,frais,4,2023-06-20,2025-12-23
256,11,mixte,0,2023-01-20,2025-10-16
257,9,frais,11,2024-04-10,2025-09-25
258,3,sec,14,2024-10-19,2025-05-11
259,6,sec,151,2023-04-04,2025-11-04
260,13,sec,350,2024-12-02,2025-02-05
261,3,frais,4,2023-10-05,2025-11-07
262,6,mixte,434,2024-09-11,2025-03-01
263,6,legume,0,2023-09-09,2025-12-04
264,9,sec,77,2023-01-23,2025-11-21
265,2,frais,12,2024-09-27,2025-04-15
266,15,legume,3,2023-08-17,2025-03-31
267,9,mixte,52,2023-12-08,2025-06-18
268,10,sec,7,2023-02-14,2025-05-12
269,9,legume,0,2024-12-20,2025-07-26
270,12,legume,21,2023-06-30,2025-06-19
271,8,mixte,0,2023-12-04,2025-08-21
272,2,legume,94,2023-09-13,2025-11-15
273,12,frais,0,2023-05-26,2025-12-01
274,12,sec,7,2024-04-02,2025-03-04
275,15,legume,44,2024-04-06,2025-09-14
276,10,mixte,127,2023-01-30,2025-09-12
277,7,sec,22,2023-06-21,2025-08-09
278,5,legume,16,2023-11-21,2025-09-28
279,12,frais,3,2023-04-10,2025-05-19
280,14,frais,0,2023-12-23,2025-06-19
281,12,frais,0,2024-01-11,2025-09-04
282,5,mixte,0,2024-07-20,2025-08-09
283,9,legume,189,2023-04-29,2025-03-09
284,12,mixte,0,2023-08-18,2025-11-03
285,12,sec,78,2024-09-30,2025-12-17
286,6,frais,8,2024-10-19,2025-11-05
287,8,frais,24,2024-08-22,2025-01-13
288,3,mixte,33,2023-04-30,2025-01-09
289,8,mixte,1,2024-01-21,2025-08-09
290,10,legume,4,2024-02-05,2025-05-16
291,10,mixte,0,2023-11-26,2025-10-24
292,15,legume,36,2023-06-07,2025-04-21
293,8,sec,19,2024-08-30,2025-12-15
294,4,sec,10,2024-11-19,2025-06-13
295,15,mixte,3,2023-04-07,2025-10-20
296,11,sec,2,2023-12-27,2025-10-11
297,10,legume,4,2023-07-18,2025-09-23
298,2,frais,138,2023-05-24,2025-06-17
299,6,sec,55,2023-04-23,2025-03-13
300,3,mixte,0,2024-02-20,2025-03-30
301,8,mixte,87,2024-02-09,2025-10-08
302,10,sec,132,2024-01-12,2025-05-15
303,5,mixte,88,2024-04-19,2025-02-28
304,4,frais,38,2024-04-06,2025-12-05
305,10,frais,0,2024-11-20,2025-10-16
306,4,sec,20,2024-11-02,2025-06-16
307,2,legume,75,2024-07-12,2025-06-13
308,6,frais,1,2023-06-09,2025-05-21
309,8,frais,0,2024-05-17,2025-10-10
310,7,frais,15,2024-06-21,2025-10-05
311,8,sec,0,2023-01-27,2025-04-29
312,7,legume,106,2024-08-31,2025-09-11
313,11,legume,445,2023-12-08,2025-02-04
314,5,sec,0,2024-02-22,2025-12-12
315,2,legume,0,2024-02-20,2025-02-03
316,11,frais,70,2023-02-04,2025-02-15
317,14,sec,15,2024-06-20,2025-08-25
318,14,frais,0,2024-07-12,2025-05-11
319,6,mixte,0,2023-03-28,2025-11-10
320,7,frais,0,2024-01-02,2025-08-20
321,3,sec,7,2023-07-25,2025-05-10
322,2,legume,2,2023-05-09,2025-04-28
323,5,legume,31,2023-01-21,2025-06-07
324,5,sec,86,2024-06-07,2025-11-29
325,2,mixte,2,2024-12-19,2025-06-05
326,2,frais,30,2024-11-02,2025-10-18
327,9,sec,1,2024-09-17,2025-09-10
328,14,sec,157,2023-10-13,2025-04-28
329,4,frais,27,2024-02-23,2025-07-28
330,11,frais,1,2024-03-04,2025-01-19
331,4,mixte,0,2024-01-03,2025-02-26
332,1,legume,0,2023-03-17,2025-11-06
333,13,sec,8,2024-11-27,2025-02-05
334,3,mixte,256,2024-09-27,2025-05-19
335,8,legume,1,2024-09-07,2025-08-13
336,5,legume,75,2023-10-21,2025-05-08
337,15,legume,75,2024-12-13,2025-07-30
338,9,sec,217,2023-06-01,2025-12-30
339,2,mixte,27,2024-06-05,2025-12-08
340,7,mixte,1,2024-11-11,2025-07-03
341,14,frais,26,2024-12-05,2025-04-14
342,12,sec,406,2023-04-12,2025-10-11
343,6,frais,18,2024-08-18,2025-01-06
344,6,legume,148,2023-09-13,2025-08-30
345,14,sec,56,2024-09-15,2025-12-30
346,4,sec,2,2023-06-12,2025-09-14
347,14,legume,18,2023-03-03,2025-02-21
348,10,legume,102,2024-04-25,2025-09-09
349,12,sec,0,2023-02-13,2025-02-21
350,9,frais,0,2023-08-28,2025-04-21
351,8,sec,0,2023-07-04,2025-06-14
352,12,sec,238,2024-04-07,2025-11-22
353,10,frais,183,2024-01-24,2025-07-07
354,6,frais,10,2023-08-01,2025-02-20
355,10,mixte,0,2023-10-05,2025-10-13
356,11,legume,0,2023-10-28,2025-09-26
357,12,legume,234,2024-05-08,2025-12-16
358,2,frais,0,2023-08-01,2025-08-30
359,12,frais,9,2023-12-24,2025-11-26
360,10,legume,0,2023-01-06,2025-12-18
361,13,mixte,27,2023-07-21,2025-07-25
362,2,mixte,257,2023-06-28,2025-10-11
363,15,frais,1,2024-07-21,2025-04-20
364,11,sec,11,2024-03-28,2025-11-16
365,15,legume,172,2024-02-18,2025-03-11
366,1,frais,9,2024-08-11,2025-10-25
367,14,sec,1,2023-08-17,2025-05-09
368,9,legume,0,2024-02-13,2025-05-21
369,12,sec,3,2023-05-28,2025-04-30
370,7,sec,1,2024-02-15,2025-10-13
371,10,legume,0,2024-05-29,2025-04-21
372,7,legume,3,2024-05-05,2025-08-03
373,7,sec,13,2024-09-20,2025-08-08
374,9,frais,8,2024-09-16,2025-08-03
375,8,frais,17,2023-11-11,2025-10-20
376,7,mixte,0,2024-12-07,2025-07-23
377,10,legume,10,2024-09-01,2025-10-23
378,10,mixte,101,2024-11-30,2025-09-03
379,6,legume,44,2023-10-06,2025-01-04
380,4,sec,34,2023-09-16,2025-11-05
381,5,legume,16,2024-05-13,2025-08-01
382,1,mixte,0,2023-03-05,2025-08-06
383,8,mixte,8,2024-11-26,2025-11-14
384,7,legume,19,2024-02-09,2025-05-09
385,5,sec,0,2024-01-04,2025-02-16
386,10,frais,10,2024-08-23,2025-11-26
387,8,frais,0,2023-09-30,2025-09-21
388,4,frais,17,2024-05-29,2025-06-27
389,1,legume,0,2024-07-07,2025-05-17
390,12,frais,0,2024-09-03,2025-01-24
391,9,mixte,8,2023-05-13,2025-03-21
392,14,legume,126,2023-02-06,2025-09-02
393,10,legume,60,2023-04-20,2025-09-16
394,2,mixte,205,2024-09-12,2025-04-15
395,1,mixte,4,2024-08-24,2025-06-13
396,15,legume,1,2024-09-22,2025-06-07
397,4,mixte,15,2023-11-20,2025-01-05
398,15,mixte,6,2023-12-09,2025-08-31
399,3,sec,47,2024-11-24,2025-06-26
400,10,sec,15,2024-01-12,2025-06-13
401,1,legume,0,2023-02-24,2025-03-16
402,15,legume,361,2024-12-23,2025-08-05
403,2,frais,11,2024-04-23,2025-04-27
404,7,mixte,21,2023-09-29,2025-12-31
405,1,frais,0,2024-06-20,2025-03-15
406,6,sec,300,2024-12-04,2025-04-26
407,6,frais,1,2024-06-01,2025-08-09
408,12,legume,14,2023-04-30,2025-11-14
409,4,frais,79,2023-08-06,2025-08-16
410,8,frais,55,2024-08-24,2025-12-22
411,3,sec,0,2024-01-22,2025-10-11
412,15,mixte,356,2023-06-28,2025-12-15
413,4,mixte,1,2023-02-28,2025-07-30
414,11,frais,1,2024-02-29,2025-02-05
415,8,legume,0,2023-04-28,2025-10-20
416,14,mixte,3,2023-10-05,2025-05-06
417,13,frais,1,2023-06-20,2025-11-16
418,6,mixte,0,2023-04-15,2025-11-18
419,6,legume,19,2023-10-31,2025-12-27
420,5,sec,33,2024-11-23,2025-09-17
421,15,legume,51,2024-11-25,2025-11-09
422,8,legume,12,2023-12-24,2025-04-02
423,15,legume,0,2024-06-26,2025-03-11
424,7,sec,0,2023-04-18,2025-07-28
425,8,legume,0,2024-01-08,2025-12-25
426,14,frais,10,2024-07-19,2025-07-24
427,10,frais,14,2023-08-05,2025-09-11
428,10,sec,84,2024-09-29,2025-01-19
429,5,sec,32,2023-09-27,2025-09-15
430,8,legume,0,2024-11-16,2025-08-06
431,2,legume,52,2023-07-27,2025-12-04
432,6,sec,34,2024-07-12,2025-10-23
433,1,frais,152,2023-02-02,2025-10-31
434,12,legume,72,2023-09-26,2025-10-20
435,9,frais,1,2023-09-24,2025-08-12
436,3,mixte,123,2024-10-08,2025-02-16
437,7,frais,0,2024-10-16,2025-11-08
438,8,legume,115,2023-12-10,2025-11-30
439,1,sec,2,2023-01-10,2025-02-20
440,1,mixte,7,2024-04-10,2025-10-06
441,7,frais,13,2024-01-05,2025-09-16
442,1,frais,3,2023-11-06,2025-05-20
443,2,sec,116,2023-07-16,2025-06-06
444,6,legume,247,2023-02-08,2025-05-07
445,9,sec,0,2023-02-07,2025-01-11
446,7,sec,1,2024-11-04,2025-06-02
447,12,mixte,0,2023-02-10,2025-06-21
448,8,legume,14,2024-12-24,2025-12-07
449,1,frais,41,2024-04-29,2025-08-18
450,7,mixte,76,2024-06-26,2025-03-17
451,9,mixte,53,2023-05-11,2025-07-08
452,4,legume,64,2023-12-30,2025-12-28
453,2,legume,156,2024-02-26,2025-12-02
454,8,legume,0,2024-11-13,2025-04-01
455,11,mixte,0,2023-11-15,2025-02-24
456,6,mixte,256,2024-07-17,2025-09-30
457,6,mixte,0,2024-11-17,2025-09-08
458,7,mixte,31,2023-10-11,2025-09-05
459,12,sec,68,2023-04-29,2025-07-17
460,8,legume,16,2024-10-04,2025-02-08
461,9,mixte,26,2023-11-02,2025-05-30
462,3,frais,0,2023-03-17,2025-11-21
463,13,legume,39,2023-12-21,2025-01-01
464,6,legume,18,2024-11-08,2025-05-05
465,8,legume,125,2023-09-25,2025-11-08
466,8,frais,0,2024-02-01,2025-04-24
467,1,frais,73,2023-11-06,2025-11-08
468,13,legume,386,2024-05-04,2025-07-11
469,14,mixte,314,2023-10-04,2025-06-11
470,4,mixte,6,2023-07-22,2025-06-23
471,12,legume,1,2024-04-04,2025-05-20
472,12,legume,73,2023-03-15,2025-08-27
473,7,sec,14,2023-11-25,2025-06-05
474,5,legume,1,2024-01-29,2025-08-17
475,14,sec,0,2024-01-04,2025-03-12
476,5,legume,0,2023-07-29,2025-03-14
477,6,mixte,3,2023-04-11,2025-06-11
478,13,frais,2,2023-03-27,2025-11-24
479,8,frais,0,2023-09-21,2025-07-07
480,5,mixte,10,2024-03-01,2025-02-09
481,9,sec,4,2024-03-10,2025-07-03
482,1,mixte,1,2023-03-20,2025-03-07
483,2,legume,15,2024-02-22,2025-12-23
484,14,mixte,33,2023-11-20,2025-01-12
485,14,legume,78,2023-10-06,2025-11-22
486,13,legume,27,2023-03-27,2025-09-20
487,5,sec,0,2023-12-26,2025-03-03
488,13,sec,31,2024-02-26,2025-06-12
489,2,mixte,10,2023-08-27,2025-02-23
490,2,frais,319,2023-04-06,2025-05-02
491,5,frais,13,2024-09-30,2025-07-02
492,15,legume,26,2023-08-17,2025-07-13
493,13,sec,0,2024-06-06,2025-08-14
494,1,sec,408,2024-05-28,2025-01-15
495,15,frais,0,2023-04-06,2025-11-05
496,15,frais,225,2023-04-22,2025-02-28
497,12,sec,0,2023-05-13,2025-10-17
498,9,frais,49,2024-12-24,2025-02-20
499,14,legume,329,2023-04-06,2025-07-04
500,2,sec,14,2024-01-09,2025-06-27
501,8,sec,36,2023-11-26,2025-08-25
502,11,legume,25,2024-01-04,2025-02-19
503,6,legume,88,2023-12-10,2025-04-14
504,15,legume,1,2024-06-20,2025-09-28
505,7,mixte,2,2023-10-12,2025-12-25
506,11,legume,0,2023-08-09,2025-02-10
507,1,sec,29,2023-06-19,2025-05-01
508,6,sec,102,2024-03-02,2025-07-19
509,14,sec,98,2023-02-23,2025-04-30
510,6,legume,0,2023-10-26,2025-06-20
511,4,sec,140,2023-07-06,2025-09-04
512,1,mixte,0,2023-04-28,2025-08-03
513,15,sec,311,2024-01-23,2025-04-19
514,14,frais,464,2023-06-18,2025-05-11
515,10,frais,71,2024-09-16,2025-04-21
516,3,mixte,54,2023-02-14,2025-01-13
517,9,sec,0,2023-09-28,2025-05-26
518,15,legume,0,2023-03-03,2025-09-28
519,15,legume,0,2024-09-24,2025-01-08
520,3,mixte,33,2024-06-09,2025-11-21
521,1,sec,144,2023-08-09,2025-05-15
522,10,frais,392,2023-07-06,2025-04-08
523,12,frais,0,2024-11-13,2025-12-19
524,6,mixte,95,2024-05-25,2025-09-24
525,6,mixte,259,2023-06-28,2025-04-24
526,9,frais,2,2024-09-15,2025-05-28
527,10,sec,0,2023-02-25,2025-11-28
528,7,legume,8,2023-10-07,2025-06-15
529,10,frais,312,2023-01-31,2025-07-13
530,5,sec,0,2023-12-02,2025-01-20
531,12,frais,2,2024-01-31,2025-10-03
532,6,sec,2,2023-10-09,2025-03-24
533,13,frais,29,2023-01-04,2025-06-10
534,7,frais,35,2024-07-04,2025-03-18
535,15,sec,388,2023-01-20,2025-07-10
536,14,mixte,257,2024-09-10,2025-05-17
537,4,mixte,2,2023-02-26,2025-04-27
538,13,frais,0,2024-01-24,2025-01-10
539,3,legume,35,2024-11-27,2025-05-04
540,3,frais,0,2024-07-24,2025-08-27
541,3,mixte,26,2023-02-03,2025-07-14
542,7,sec,173,2024-11-09,2025-05-18
543,14,frais,0,2024-06-27,2025-06-22
544,5,legume,25,2023-09-16,2025-09-01
545,6,sec,0,2024-04-26,2025-09-08
546,10,sec,123,2024-01-05,2025-06-17
547,10,sec,49,2023-08-24,2025-12-08
548,10,sec,29,2023-11-18,2025-02-28
549,5,frais,63,2024-01-01,2025-07-08
550,15,frais,1,2024-06-10,2025-01-17
551,8,sec,0,2024-03-24,2025-03-19
552,7,mixte,59,2024-06-29,2025-12-27
553,3,mixte,5,2023-05-14,2025-03-05
554,1,sec,4,2023-01-23,2025-11-04
555,15,sec,0,2023-03-18,2025-05-25
556,1,frais,229,2024-02-07,2025-09-15
557,9,mixte,1,2024-05-26,2025-04-24
558,2,frais,0,2024-07-02,2025-11-30
559,13,legume,0,2023-07-31,2025-09-09
560,3,legume,14,2023-10-08,2025-10-30
561,3,mixte,20,2023-01-01,2025-11-30
562,10,legume,443,2024-08-16,2025-12-29
563,12,frais,0,2024-03-02,2025-03-28
564,7,frais,150,2023-05-18,2025-06-07
565,11,frais,240,2024-11-19,2025-08-05
566,14,mixte,105,2024-01-13,2025-10-06
567,10,mixte,8,2024-07-04,2025-10-09
568,12,mixte,41,2024-06-30,2025-08-07
569,13,mixte,7,2024-02-15,2025-05-28
570,5,frais,2,2024-07-25,2025-08-18
571,12,sec,4,2024-10-28,2025-10-07
572,12,legume,203,2024-11-10,2025-12-03
573,6,legume,17,2023-01-14,2025-07-09
574,6,sec,10,2024-08-06,2025-09-29
575,14,sec,354,2023-05-02,2025-08-21
576,6,legume,129,2024-11-05,2025-08-19
577,4,legume,0,2023-12-31,2025-01-08
578,4,mixte,56,2024-04-30,2025-07-09
579,13,frais,100,2023-07-01,2025-10-13
580,9,legume,23,2023-04-17,2025-06-19
581,12,legume,7,2023-01-14,2025-11-21
582,4,legume,34,2024-01-14,2025-02-27
583,2,sec,13,2023-11-23,2025-03-20
584,8,sec,2,2023-08-05,2025-11-26
585,2,legume,1,2023-12-15,2025-08-01
586,8,legume,2,2023-01-30,2025-10-01
587,3,frais,11,2024-03-28,2025-03-11
588,6,legume,4,2023-01-24,2025-02-27
589,3,frais,0,2023-05-08,2025-11-17
590,6,legume,310,2023-07-15,2025-07-14
591,2,mixte,179,2024-09-07,2025-10-25
592,10,legume,0,2023-02-03,2025-01-01
593,15,mixte,4,2023-10-21,2025-10-24
594,10,legume,168,2023-04-17,2025-12-06
595,2,mixte,0,2023-09-26,2025-02-16
596,11,frais,18,2023-07-04,2025-02-11
597,14,sec,2,2024-03-10,2025-02-21
598,5,legume,56,2024-12-15,2025-10-15
599,4,legume,197,2024-04-02,2025-05-08
600,8,sec,4,2023-02-28,2025-11-25
601,12,legume,23,2023-03-05,2025-10-22
602,9,legume,3,2023-12-24,2025-03-19
603,12,mixte,0,2023-06-10,2025-04-02
604,6,mixte,227,2024-09-22,2025-10-01
605,5,legume,226,2023-08-29,2025-02-04
606,12,legume,0,2023-06-27,2025-04-24
607,14,mixte,0,2023-09-05,2025-06-27
608,7,sec,115,2023-08-25,2025-06-16
609,3,mixte,0,2023-12-13,2025-12-06
610,10,sec,0,2024-03-17,2025-01-31
611,6,mixte,5,2024-05-19,2025-02-14
612,15,sec,5,2023-01-26,2025-05-08
613,12,frais,0,2024-01-22,2025-12-27
614,12,frais,33,2023-11-16,2025-03-27
615,12,legume,0,2023-06-29,2025-08-27
616,10,frais,160,2024-12-03,2025-07-26
617,12,mixte,23,2024-07-12,2025-02-14
618,5,legume,0,2023-01-30,2025-11-16
619,14,frais,6,2023-04-19,2025-07-10
620,2,sec,8,2024-04-19,2025-07-26
621,5,sec,97,2024-02-14,2025-06-22
622,3,mixte,0,2023-01-13,2025-05-31
623,13,legume,7,2023-02-08,2025-11-10
624,11,mixte,0,2023-11-03,2025-08-25
625,13,frais,373,2024-08-12,2025-08-20
626,15,frais,17,2023-08-14,2025-08-26
627,10,mixte,0,2023-07-30,2025-12-13
628,13,legume,2,2024-10-23,2025-09-30
629,2,mixte,1,2023-07-20,2025-06-11
630,8,mixte,163,2024-04-06,2025-06-12
631,1,frais,423,2024-08-30,2025-09-10
632,1,frais,66,2024-08-04,2025-08-11
633,6,legume,0,2024-08-11,2025-02-25
634,3,frais,153,2024-12-14,2025-08-21
635,6,legume,7,2024-12-10,2025-08-14
636,1,frais,4,2024-09-12,2025-05-19
637,10,frais,2,2023-12-12,2025-07-06
638,8,mixte,0,2023-09-29,2025-09-01
639,15,sec,162,2024-07-27,2025-08-06
640,5,legume,29,2024-01-31,2025-10-18
641,4,legume,61,2024-10-19,2025-11-28
642,7,frais,0,2023-12-12,2025-08-11
643,4,frais,105,2023-09-20,2025-03-27
644,8,legume,30,2024-04-09,2025-03-22
645,5,sec,39,2023-06-16,2025-02-19
646,15,legume,160,2023-01-10,2025-06-16
647,6,sec,42,2024-05-05,2025-03-28
648,15,legume,4,2023-09-18,2025-07-25
649,1,legume,6,2024-06-03,2025-10-14
650,1,legume,0,2024-06-29,2025-01-17
651,6,mixte,0,2024-01-30,2025-09-26
652,6,sec,20,2023-08-17,2025-11-08
653,2,sec,153,2024-01-23,2025-04-19
654,13,frais,24,2023-10-12,2025-06-02
655,4,sec,0,2024-06-26,2025-09-11
656,6,sec,13,2023-07-06,2025-12-15
657,3,mixte,18,2023-01-12,2025-03-24
658,1,frais,67,2023-03-21,2025-07-22
659,4,sec,57,2024-06-12,2025-04-10
660,12,frais,0,2023-05-02,2025-10-12
661,12,frais,7,2023-05-15,2025-12-13
662,11,legume,39,2024-06-01,2025-10-30
663,12,legume,0,2023-05-16,2025-03-13
664,6,legume,63,2024-01-29,2025-05-15
665,13,sec,190,2024-09-16,2025-01-06
666,11,sec,26,2024-12-22,2025-12-30
667,2,frais,10,2024-04-12,2025-10-23
668,3,sec,0,2023-03-16,2025-06-27
669,11,mixte,11,2024-08-28,2025-04-03
670,11,mixte,32,2023-10-31,2025-02-09
671,11,legume,25,2023-10-29,2025-09-15
672,8,frais,21,2023-12-15,2025-05-22
673,2,legume,7,2023-10-09,2025-01-29
674,4,mixte,0,2024-05-06,2025-10-23
675,5,frais,94,2023-03-16,2025-11-26
676,5,sec,374,2023-02-09,2025-12-06
677,13,sec,0,2023-10-16,2025-08-25
678,8,mixte,7,2024-07-05,2025-08-10
679,7,legume,73,2024-05-31,2025-01-22
680,13,frais,34,2023-07-31,2025-04-15
681,12,sec,0,2023-07-08,2025-03-18
682,10,legume,0,2024-09-27,2025-11-26
683,3,sec,0,2024-06-28,2025-06-01
684,9,mixte,13,2023-01-04,2025-09-08
685,13,legume,19,2024-01-06,2025-12-27
686,4,legume,52,2024-10-01,2025-04-20
687,5,frais,0,2024-02-12,2025-02-21
688,1,legume,3,2024-11-05,2025-01-16
689,2,mixte,20,2024-10-15,2025-10-04
690,9,sec,8,2024-01-12,2025-07-21
691,1,frais,41,2023-10-12,2025-08-26
692,14,sec,310,2023-07-07,2025-10-08
693,12,legume,67,2024-06-14,2025-10-04
694,4,frais,135,2023-05-17,2025-05-13
695,15,frais,6,2024-08-18,2025-01-23
696,14,legume,5,2024-08-21,2025-11-06
697,13,sec,3,2024-09-12,2025-12-25
698,8,frais,21,2023-01-25,2025-06-15
699,7,mixte,1,2024-02-27,2025-02-10
700,7,legume,6,2024-09-15,2025-11-09
701,7,legume,0,2024-07-10,2025-02-01
702,2,mixte,12,2024-10-03,2025-02-01
703,13,frais,2,2024-12-15,2025-12-03
704,14,mixte,2,2023-10-14,2025-05-26
705,2,legume,10,2023-09-25,2025-07-19
706,3,sec,13,2024-06-02,2025-09-07
707,3,mixte,1,2024-11-13,2025-12-21
708,8,frais,180,2023-12-07,2025-03-09
709,11,sec,2,2023-06-30,2025-06-13
710,13,mixte,43,2024-05-30,2025-11-23
711,15,mixte,44,2023-10-05,2025-12-15
712,15,mixte,2,2023-06-26,2025-06-21
713,6,sec,8,2023-11-26,2025-12-30
714,1,mixte,0,2023-03-10,2025-11-10
715,15,frais,4,2023-12-13,2025-09-06
716,6,legume,0,2023-10-22,2025-07-08
717,15,sec,1,2023-11-22,2025-04-07
718,7,frais,1,2024-09-02,2025-01-31
719,8,frais,40,2024-09-20,2025-10-09
720,7,sec,12,2023-06-07,2025-09-27
721,7,frais,0,2024-11-13,2025-12-21
722,3,frais,58,2023-03-26,2025-12-03
723,15,mixte,11,2024-01-27,2025-05-14
724,15,mixte,11,2023-01-16,2025-03-13
725,14,legume,17,2023-08-06,2025-09-17
726,2,frais,0,2023-02-19,2025-09-07
727,7,mixte,163,2024-12-12,2025-03-31
728,1,legume,0,2024-12-26,2025-02-01
729,1,mixte,65,2023-08-25,2025-04-08
730,13,mixte,87,2023-08-05,2025-08-08
731,6,mixte,10,2024-04-03,2025-05-11
732,7,mixte,0,2023-12-07,2025-10-30
733,13,mixte,0,2024-01-31,2025-07-02
734,14,legume,0,2023-12-27,2025-10-02
735,15,mixte,31,2024-12-03,2025-02-10
736,7,legume,15,2023-09-26,2025-05-03
737,15,frais,1,2023-12-26,2025-10-14
738,7,sec,7,2023-10-30,2025-02-12
739,14,sec,191,2023-03-31,2025-07-09
740,12,legume,4,2024-01-06,2025-05-28
741,12,sec,0,2023-05-07,2025-05-05
742,10,legume,32,2023-06-29,2025-03-17
743,10,sec,14,2023-06-20,2025-11-06
744,12,mixte,50,2023-05-30,2025-02-14
745,1,mixte,4,2024-11-16,2025-11-08
746,9,legume,5,2023-06-08,2025-07-13
747,14,sec,30,2024-11-12,2025-05-19
748,13,mixte,84,2024-04-26,2025-02-25
749,1,legume,7,2024-12-12,2025-09-20
750,11,frais,54,2023-12-06,2025-09-20
751,15,frais,14,2023-08-31,2025-09-11
752,2,legume,9,2023-01-29,2025-01-30
753,13,sec,30,2024-07-21,2025-11-29
754,5,sec,3,2023-07-29,2025-05-31
755,1,mixte,51,2023-11-17,2025-03-16
756,15,legume,4,2023-10-06,2025-10-29
757,12,legume,32,2023-10-12,2025-06-18
758,14,mixte,112,2024-12-05,2025-09-09
759,2,mixte,183,2024-08-22,2025-11-18
760,15,frais,188,2024-08-19,2025-12-25
761,7,legume,2,2023-09-15,2025-04-22
762,2,frais,0,2024-02-08,2025-05-27
763,5,legume,0,2024-11-19,2025-02-03
764,2,mixte,1,2023-07-21,2025-05-20
765,1,mixte,7,2024-10-03,2025-05-23
766,5,mixte,21,2023-01-19,2025-02-26
767,3,sec,4,2024-01-08,2025-02-05
768,12,legume,0,2023-05-17,2025-08-09
769,12,mixte,6,2023-11-21,2025-02-05
770,5,legume,0,2023-01-05,2025-09-24
771,6,sec,95,2023-07-20,2025-05-24
772,14,legume,92,2023-06-24,2025-08-24
773,13,sec,52,2024-01-16,2025-11-06
774,15,frais,55,2023-05-27,2025-09-29
775,14,sec,4,2024-02-02,2025-10-17
776,14,sec,86,2023-09-11,2025-04-23
777,14,frais,41,2024-02-08,2025-06-09
778,9,sec,155,2023-12-01,2025-07-06
779,1,legume,1,2023-12-12,2025-04-29
780,15,frais,17,2024-11-29,2025-08-21
781,4,legume,219,2023-11-19,2025-05-11
782,8,sec,0,2023-06-16,2025-03-21
783,6,legume,196,2024-05-08,2025-07-18
784,9,frais,38,2023-01-13,2025-08-01
785,3,frais,1,2023-05-20,2025-01-04
786,6,frais,0,2024-01-20,2025-03-16
787,1,legume,5,2024-06-15,2025-05-30
788,10,sec,12,2024-02-15,2025-07-20
789,14,sec,138,2023-11-19,2025-09-16
790,11,sec,30,2023-04-22,2025-07-18
791,4,sec,3,2024-12-20,2025-11-02
792,5,frais,0,2023-04-22,2025-03-28
793,15,frais,15,2023-11-12,2025-03-12
794,15,frais,0,2024-12-26,2025-02-12
795,6,mixte,8,2023-08-20,2025-01-10
796,3,mixte,0,2024-03-07,2025-01-04
797,10,mixte,16,2024-12-25,2025-07-23
798,7,mixte,13,2024-10-14,2025-08-18
799,9,frais,187,2023-10-08,2025-09-01
800,9,mixte,48,2024-10-27,2025-06-24
801,8,legume,5,2023-04-12,2025-08-18
802,2,mixte,2,2024-02-20,2025-11-06
803,4,frais,19,2024-01-22,2025-01-18
804,11,frais,1,2023-04-22,2025-07-20
805,11,sec,0,2023-06-21,2025-06-17
806,9,sec,10,2024-02-03,2025-04-21
807,6,frais,253,2024-03-26,2025-03-20
808,8,legume,175,2023-11-06,2025-06-16
809,10,legume,0,2023-07-02,2025-03-18
810,5,legume,7,2024-05-15,2025-08-22
811,9,sec,0,2024-12-04,2025-03-28
812,1,sec,1,2024-05-10,2025-10-25
813,8,mixte,41,2023-06-15,2025-04-30
814,1,legume,48,2024-11-16,2025-01-17
815,13,mixte,0,2023-06-13,2025-03-03
816,1,legume,241,2023-12-31,2025-10-05
817,10,mixte,0,2023-08-16,2025-06-03
818,1,mixte,82,2023-01-27,2025-05-26
819,12,legume,0,2024-04-20,2025-03-30
820,13,legume,4,2023-12-14,2025-05-24
821,8,sec,25,2024-03-11,2025-06-08
822,13,frais,0,2023-10-21,2025-03-23
823,14,frais,3,2023-06-06,2025-10-19
824,6,legume,157,2023-05-24,2025-03-10
825,8,legume,13,2024-08-19,2025-02-06
826,8,legume,0,2023-03-04,2025-05-18
827,5,frais,4,2023-10-19,2025-05-10
828,12,legume,0,2024-01-03,2025-07-03
829,4,legume,9,2024-12-05,2025-02-25
830,11,mixte,2,2024-04-05,2025-01-08
831,6,mixte,0,2024-10-23,2025-07-10
832,10,mixte,174,2024-11-04,2025-10-07
833,6,mixte,86,2023-09-24,2025-03-18
834,3,sec,56,2023-03-20,2025-04-20
835,9,mixte,1,2023-08-25,2025-04-10
836,4,legume,18,2023-07-29,2025-03-14
837,2,legume,86,2023-01-19,2025-07-22
838,10,legume,3,2023-08-19,2025-06-04
839,7,mixte,2,2024-07-24,2025-10-28
840,9,sec,0,2023-09-30,2025-03-19
841,6,legume,55,2023-01-20,2025-04-05
842,13,legume,128,2024-08-12,2025-02-01
843,8,sec,5,2024-01-13,2025-04-29
844,8,frais,117,2023-07-07,2025-10-22
845,15,legume,0,2024-11-20,2025-05-26
846,5,sec,2,2024-05-29,2025-03-27
847,3,frais,385,2024-08-23,2025-07-25
848,3,sec,0,2023-10-18,2025-12-05
849,2,sec,0,2023-07-05,2025-12-26
850,3,mixte,4,2023-04-13,2025-12-07
851,2,frais,42,2023-04-30,2025-03-27
852,11,legume,75,2023-07-12,2025-02-23
853,9,frais,56,2023-05-22,2025-11-28
854,8,frais,3,2024-05-11,2025-11-13
855,14,sec,0,2024-06-22,2025-10-02
856,9,sec,9,2023-08-11,2025-05-10
857,14,sec,196,2023-06-04,2025-05-03
858,11,legume,61,2024-01-17,2025-08-10
859,7,legume,30,2024-05-02,2025-03-04
860,13,legume,204,2024-05-23,2025-10-01
861,11,legume,20,2024-06-19,2025-12-04
862,14,mixte,11,2024-06-21,2025-02-19
863,1,mixte,4,2024-01-21,2025-07-14
864,12,sec,4,2023-04-06,2025-11-05
865,6,mixte,34,2023-11-01,2025-05-25
866,14,sec,0,2024-09-22,2025-02-15
867,12,frais,0,2023-10-24,2025-11-17
868,3,sec,6,2024-12-07,2025-12-08
869,9,mixte,23,2024-12-23,2025-10-14
870,12,frais,3,2023-02-13,2025-06-08
871,2,frais,0,2023-09-11,2025-08-18
872,15,mixte,14,2024-04-07,2025-05-16
873,10,legume,9,2024-05-24,2025-02-21
874,13,legume,4,2023-07-02,2025-11-17
875,6,legume,45,2023-09-29,2025-03-02
876,7,mixte,12,2024-03-02,2025-09-14
877,13,legume,116,2023-12-04,2025-04-06
878,11,frais,0,2024-11-13,2025-09-16
879,14,mixte,36,2023-12-04,2025-11-25
880,13,sec,2,2023-10-20,2025-02-27
881,12,mixte,0,2024-02-19,2025-03-25
882,3,sec,144,2023-09-16,2025-12-20
883,12,sec,29,2024-05-20,2025-02-19
884,11,sec,21,2023-11-29,2025-08-21
885,13,frais,1,2024-06-28,2025-10-15
886,4,legume,11,2024-12-20,2025-04-27
887,11,mixte,0,2024-05-05,2025-12-10
888,1,frais,25,2024-11-15,2025-11-06
889,7,legume,35,2024-09-13,2025-03-24
890,13,mixte,0,2023-08-19,2025-04-14
891,4,sec,0,2024-09-24,2025-04-24
892,14,legume,1,2023-04-08,2025-12-18
893,5,sec,8,2024-12-26,2025-07-10
894,2,sec,32,2024-11-09,2025-10-26
895,12,frais,24,2024-08-31,2025-06-24
896,3,mixte,0,2024-06-08,2025-03-18
897,4,legume,33,2024-10-06,2025-03-16
898,15,mixte,0,2024-04-19,2025-01-08
899,13,mixte,17,2024-09-01,2025-06-20
900,8,mixte,2,2024-02-25,2025-02-26
901,13,legume,0,2024-10-07,2025-01-12
902,3,sec,6,2023-07-06,2025-05-31
903,7,mixte,15,2023-04-23,2025-10-24
904,8,frais,3,2024-05-28,2025-09-19
905,15,mixte,158,2024-03-03,2025-06-23
906,9,sec,1,2023-03-18,2025-10-31
907,6,legume,0,2023-07-06,2025-03-13
908,8,sec,3,2024-11-25,2025-11-25
909,15,legume,11,2023-07-04,2025-10-10
910,1,mixte,5,2023-07-28,2025-10-11
911,11,mixte,0,2023-01-27,2025-09-06
912,8,sec,327,2023-07-28,2025-07-15
913,12,sec,436,2024-08-22,2025-11-13
914,2,sec,1,2023-10-18,2025-04-16
915,7,mixte,9,2023-04-01,2025-09-04
916,3,sec,6,2023-06-01,2025-05-21
917,15,mixte,2,2023-04-07,2025-05-23
918,10,mixte,73,2024-06-15,2025-09-09
919,12,legume,2,2024-06-01,2025-04-13
920,2,sec,15,2024-01-17,2025-11-17
921,14,sec,53,2024-08-26,2025-12-04
922,13,frais,74,2024-04-17,2025-08-21
923,5,legume,0,2023-10-31,2025-11-15
924,6,mixte,9,2024-10-16,2025-08-08
925,11,mixte,0,2023-06-23,2025-10-20
926,12,frais,0,2023-07-18,2025-02-09
927,13,frais,0,2023-04-08,2025-08-25
928,2,frais,7,2023-08-22,2025-03-14
929,1,frais,135,2023-06-14,2025-06-17
930,14,frais,0,2023-04-20,2025-05-30
931,9,sec,0,2024-04-21,2025-09-06
932,4,mixte,24,2024-04-13,2025-10-02
933,14,sec,29,2024-05-04,2025-12-28
934,4,mixte,0,2024-07-16,2025-07-27
935,4,mixte,17,2023-04-16,2025-07-31
936,10,mixte,2,2024-10-16,2025-09-27
937,1,legume,0,2024-08-13,2025-01-31
938,8,legume,1,2023-10-28,2025-05-14
939,7,legume,1,2024-06-01,2025-01-15
940,3,frais,214,2023-07-10,2025-02-07
941,14,mixte,4,2024-10-31,2025-10-13
942,4,sec,10,2023-12-11,2025-10-02
943,1,mixte,26,2024-01-18,2025-05-11
944,15,frais,23,2024-06-22,2025-10-31
945,4,sec,0,2024-07-06,2025-09-20
946,5,sec,6,2024-01-05,2025-12-03
947,7,mixte,38,2024-12-21,2025-03-31
948,10,mixte,8,2024-10-12,2025-03-02
949,12,legume,59,2024-01-14,2025-01-23
950,6,sec,8,2024-05-28,2025-03-02
951,14,legume,29,2024-11-02,2025-07-25
952,11,frais,135,2023-10-16,2025-10-06
953,9,frais,18,2024-04-11,2025-01-29
954,11,mixte,9,2024-12-19,2025-03-15
955,6,sec,6,2024-09-11,2025-07-06
956,4,legume,10,2023-02-24,2025-12-05
957,3,legume,3,2023-04-21,2025-08-30
958,9,frais,12,2024-07-10,2025-10-25
959,4,legume,0,2024-03-25,2025-07-30
960,1,sec,103,2023-11-30,2025-01-28
961,3,sec,255,2024-11-29,2025-11-02
962,11,sec,0,2023-07-09,2025-10-07
963,8,sec,1,2023-07-15,2025-12-27
964,15,legume,8,2024-03-26,2025-04-29
965,13,mixte,12,2023-10-04,2025-12-24
966,12,legume,154,2023-05-03,2025-05-17
967,2,sec,21,2023-06-08,2025-07-17
968,4,frais,1,2023-12-15,2025-01-30
969,7,sec,23,2023-05-01,2025-03-13
970,9,legume,0,2024-12-11,2025-09-27
971,4,mixte,35,2024-06-04,2025-02-13
972,2,sec,319,2023-09-29,2025-06-28
973,9,frais,73,2023-12-16,2025-02-10
974,14,mixte,29,2023-11-03,2025-02-12
975,2,frais,3,2023-08-21,2025-07-23
976,13,legume,3,2023-08-12,2025-07-09
977,7,legume,0,2024-04-11,2025-10-12
978,8,sec,13,2023-12-10,2025-05-05
979,14,sec,0,2024-01-08,2025-02-07
980,14,frais,0,2024-05-22,2025-04-01
981,4,frais,41,2024-12-26,2025-01-10
982,1,mixte,98,2023-07-08,2025-05-29
983,3,legume,2,2023-04-19,2025-08-03
984,10,frais,2,2024-08-18,2025-05-17
985,12,sec,2,2023-02-20,2025-01-21
986,13,frais,15,2024-03-03,2025-03-20
987,8,mixte,17,2023-10-16,2025-11-14
988,10,frais,3,2024-08-03,2025-04-17
989,6,frais,12,2024-04-20,2025-12-30
990,15,mixte,1,2024-06-19,2025-04-04
991,1,sec,0,2023-02-06,2025-04-20
992,12,legume,37,2024-05-16,2025-03-30
993,13,sec,0,2024-01-01,2025-04-06
994,5,mixte,471,2023-05-09,2025-01-15
995,2,frais,108,2024-08-12,2025-12-22
996,15,sec,11,2024-01-17,2025-03-09
997,4,frais,319,2024-04-26,2025-07-20
998,11,mixte,3,2024-05-23,2025-04-27
999,10,frais,1,2024-08-28,2025-12-19
1000,13,frais,0,2024-09-30,2025-11-05
