id,id_order,recuperation_date
1,2312,2025-03-10
2,1082,2025-09-05
3,2430,2025-02-06
4,532,2025-07-27
5,1363,2025-02-20
6,2612,2025-06-14
7,2910,2025-06-13
8,2588,2025-08-18
9,2721,2025-07-26
10,1492,2025-05-18
11,367,2025-02-27
12,979,2025-12-13
13,975,2025-08-17
14,2333,2025-07-20
15,2036,2025-10-04
16,929,2025-06-01
17,1635,2025-03-27
18,276,2025-10-21
19,266,2025-01-20
20,1253,2025-02-05
21,1172,2025-06-08
22,837,2025-12-29
23,970,2025-04-05
24,2052,2025-08-15
25,2466,2025-01-15
26,1690,2025-10-13
27,2256,2025-10-26
28,2785,2025-10-21
29,2477,2025-07-21
30,114,2025-11-10
31,976,2025-03-18
32,2202,2025-03-05
33,1672,2025-12-17
34,1045,2025-10-25
35,262,2025-07-07
36,2058,2025-11-21
37,1149,2025-12-09
38,2100,2025-10-21
39,504,2025-04-25
40,629,2025-05-12
41,1767,2025-04-15
42,2904,2025-08-30
43,2867,2025-06-14
44,2520,2025-09-04
45,2614,2025-02-15
46,1127,2025-03-28
47,1288,2025-06-26
48,1166,2025-12-22
49,2780,2025-12-07
50,2494,2025-11-05
51,389,2025-01-12
52,735,2025-08-31
53,373,2025-10-18
54,2539,2025-08-27
55,1673,2025-03-26
56,826,2025-09-09
57,2309,2025-07-15
58,830,2025-02-24
59,668,2025-03-24
60,1292,2025-04-04
61,1751,2025-04-06
62,1254,2025-12-02
63,136,2025-03-20
64,2150,2025-08-18
65,489,2025-03-26
66,441,2025-05-09
67,2458,2025-06-02
68,452,2025-11-16
69,705,2025-07-10
70,614,2025-01-21
71,2846,2025-04-24
72,421,2025-04-07
73,1508,2025-01-06
74,176,2025-04-09
75,601,2025-03-30
76,660,2025-12-04
77,555,2025-02-15
78,221,2025-01-11
79,2695,2025-02-28
80,860,2025-08-13
81,2832,2025-04-12
82,2963,2025-10-11
83,1303,2025-03-11
84,2434,2025-04-11
85,1716,2025-02-05
86,2241,2025-04-07
87,1517,2025-12-18
88,2891,2025-01-25
89,1485,2025-08-15
90,1713,2025-03-06
91,1536,2025-03-06
92,2370,2025-10-02
93,131,2025-05-15
94,1987,2025-08-01
95,2597,2025-07-13
96,1034,2025-11-08
97,1687,2025-07-01
98,1756,2025-12-17
99,2179,2025-02-03
100,1200,2025-11-09
101,2765,2025-08-05
102,653,2025-02-10
103,2437,2025-08-27
104,1516,2025-05-13
105,770,2025-04-27
106,1584,2025-02-22
107,1691,2025-09-06
108,2423,2025-11-03
109,1630,2025-11-13
110,1891,2025-10-15
111,1549,2025-11-18
112,2529,2025-05-25
113,237,2025-06-05
114,2432,2025-02-13
115,712,2025-09-20
116,2423,2025-10-01
117,2971,2025-11-21
118,2779,2025-12-29
119,1055,2025-06-30
120,2255,2025-06-09
121,2702,2025-01-22
122,1912,2025-03-17
123,306,2025-11-11
124,694,2025-07-09
125,1198,2025-03-23
126,2486,2025-11-25
127,1216,2025-02-15
128,2092,2025-03-12
129,1171,2025-01-04
130,2471,2025-05-17
131,2777,2025-02-12
132,1094,2025-11-14
133,886,2025-07-20
134,1019,2025-08-18
135,2444,2025-09-09
136,2037,2025-03-12
137,1806,2025-10-27
138,2311,2025-12-02
139,507,2025-04-03
140,2095,2025-01-10
141,2586,2025-06-24
142,1269,2025-10-18
143,2428,2025-06-09
144,790,2025-02-27
145,1945,2025-10-20
146,1975,2025-06-08
147,1999,2025-06-18
148,2715,2025-06-22
149,2599,2025-01-06
150,1872,2025-01-27
151,868,2025-04-16
152,802,2025-07-30
153,1583,2025-09-28
154,1242,2025-04-09
155,2588,2025-09-18
156,509,2025-01-16
157,2139,2025-05-08
158,2810,2025-01-26
159,1200,2025-01-16
160,225,2025-11-29
161,2496,2025-06-28
162,1436,2025-04-22
163,2252,2025-10-22
164,1379,2025-02-27
165,1103,2025-05-08
166,2574,2025-07-05
167,1438,2025-05-17
168,1541,2025-04-25
169,2699,2025-04-27
170,2370,2025-10-21
171,596,2025-08-03
172,2622,2025-08-13
173,2592,2025-01-31
174,258,2025-02-02
175,1846,2025-07-03
176,123,2025-01-01
177,2889,2025-03-02
178,2472,2025-06-16
179,382,2025-08-09
180,260,2025-03-31
181,2692,2025-04-06
182,783,2025-06-01
183,2641,2025-06-04
184,2929,2025-09-29
185,1804,2025-12-13
186,1698,2025-07-23
187,171,2025-10-17
188,94,2025-06-24
189,1600,2025-07-22
190,2860,2025-10-13
191,1291,2025-06-04
192,1108,2025-05-08
193,2635,2025-08-14
194,2764,2025-11-12
195,257,2025-04-28
196,353,2025-06-29
197,2376,2025-12-10
198,777,2025-03-20
199,988,2025-08-16
200,966,2025-11-26
201,483,2025-07-31
202,2269,2025-10-13
203,2459,2025-10-12
204,2033,2025-08-04
205,1619,2025-01-12
206,1256,2025-04-25
207,963,2025-03-20
208,1633,2025-10-04
209,169,2025-02-23
210,2916,2025-05-21
211,2930,2025-12-24
212,82,2025-08-07
213,2789,2025-10-20
214,1960,2025-07-02
215,2771,2025-11-15
216,850,2025-03-04
217,1139,2025-03-25
218,2070,2025-08-21
219,1629,2025-06-18
220,2422,2025-05-26
221,1653,2025-10-07
222,1692,2025-12-15
223,112,2025-05-20
224,2801,2025-10-15
225,2720,2025-07-06
226,518,2025-03-19
227,1865,2025-09-02
228,2049,2025-01-23
229,1334,2025-06-06
230,1229,2025-04-04
231,404,2025-01-23
232,100,2025-05-17
233,969,2025-03-06
234,89,2025-01-29
235,616,2025-09-12
236,240,2025-12-13
237,2823,2025-07-12
238,2262,2025-10-14
239,2574,2025-06-03
240,1843,2025-04-29
241,112,2025-12-20
242,2070,2025-06-21
243,1599,2025-01-01
244,2249,2025-10-17
245,306,2025-09-26
246,288,2025-12-21
247,2199,2025-08-18
248,2743,2025-01-04
249,957,2025-09-18
250,1901,2025-02-21
251,1526,2025-03-19
252,2119,2025-09-01
253,2991,2025-11-23
254,2634,2025-04-21
255,72,2025-09-28
256,626,2025-02-06
257,622,2025-04-20
258,508,2025-03-02
259,1945,2025-02-28
260,264,2025-04-20
261,914,2025-01-19
262,1741,2025-01-18
263,1770,2025-05-10
264,2920,2025-11-21
265,500,2025-07-11
266,2317,2025-03-02
267,2382,2025-03-01
268,1771,2025-07-13
269,499,2025-10-08
270,2569,2025-05-22
271,2619,2025-12-02
272,2247,2025-10-18
273,1051,2025-08-06
274,1556,2025-06-28
275,2736,2025-05-12
276,1331,2025-10-19
277,1400,2025-06-18
278,1799,2025-10-05
279,1045,2025-08-07
280,1613,2025-10-04
281,1287,2025-03-27
282,1494,2025-05-17
283,1247,2025-11-02
284,2526,2025-06-12
285,2026,2025-04-09
286,1658,2025-05-26
287,2964,2025-05-29
288,1592,2025-03-20
289,2888,2025-10-06
290,1392,2025-10-01
291,2776,2025-05-11
292,2644,2025-05-28
293,2752,2025-09-05
294,2656,2025-05-17
295,2791,2025-03-28
296,1868,2025-05-02
297,796,2025-07-27
298,2779,2025-06-09
299,297,2025-02-22
300,1470,2025-06-10
301,1418,2025-07-14
302,457,2025-06-24
303,930,2025-03-27
304,2812,2025-07-18
305,2736,2025-09-18
306,1015,2025-01-08
307,1407,2025-06-11
308,412,2025-03-14
309,2037,2025-02-05
310,1769,2025-01-24
311,1551,2025-09-08
312,921,2025-10-03
313,1751,2025-09-01
314,719,2025-05-24
315,1353,2025-07-12
316,87,2025-02-21
317,2955,2025-11-20
318,192,2025-12-14
319,1080,2025-01-09
320,2941,2025-05-30
321,1442,2025-02-03
322,2614,2025-09-02
323,415,2025-12-15
324,1904,2025-08-01
325,2034,2025-07-07
326,2199,2025-12-19
327,2502,2025-10-15
328,2577,2025-04-25
329,77,2025-05-30
330,2595,2025-08-31
331,1467,2025-12-16
332,1745,2025-09-28
333,219,2025-11-11
334,2808,2025-05-04
335,851,2025-11-05
336,2003,2025-08-05
337,2859,2025-07-25
338,430,2025-07-27
339,643,2025-12-01
340,2445,2025-05-06
341,1006,2025-10-11
342,834,2025-02-11
343,895,2025-07-25
344,420,2025-08-08
345,1986,2025-08-25
346,706,2025-08-06
347,2090,2025-01-10
348,1412,2025-09-05
349,2738,2025-12-29
350,2161,2025-09-05
351,160,2025-08-16
352,464,2025-10-03
353,8,2025-11-24
354,2621,2025-12-07
355,879,2025-03-05
356,1593,2025-12-28
357,2673,2025-08-09
358,585,2025-11-25
359,1634,2025-10-26
360,2096,2025-05-09
361,1809,2025-03-17
362,1131,2025-12-03
363,1626,2025-03-22
364,635,2025-02-27
365,1331,2025-04-13
366,387,2025-04-04
367,1959,2025-11-24
368,2517,2025-11-09
369,1289,2025-10-24
370,1001,2025-06-11
371,411,2025-04-06
372,2096,2025-11-28
373,1778,2025-06-12
374,867,2025-05-04
375,2232,2025-04-25
376,375,2025-01-26
377,2376,2025-02-14
378,947,2025-02-10
379,1838,2025-01-25
380,1797,2025-12-01
381,2448,2025-07-25
382,575,2025-04-28
383,2839,2025-03-19
384,2442,2025-07-25
385,135,2025-01-24
386,2368,2025-02-25
387,2555,2025-02-14
388,2025,2025-04-21
389,2934,2025-07-02
390,2992,2025-07-25
391,1909,2025-02-16
392,2578,2025-09-19
393,2460,2025-04-03
394,2297,2025-12-06
395,2631,2025-08-10
396,1510,2025-07-31
397,1729,2025-12-13
398,2697,2025-05-28
399,1443,2025-07-27
400,1229,2025-05-24
401,686,2025-12-03
402,783,2025-11-01
403,2969,2025-04-04
404,437,2025-08-12
405,2817,2025-08-03
406,972,2025-12-21
407,2669,2025-01-12
408,348,2025-05-20
409,1794,2025-02-27
410,1757,2025-01-31
411,2963,2025-02-26
412,2204,2025-10-02
413,2270,2025-02-21
414,2473,2025-07-30
415,2055,2025-07-29
416,1707,2025-06-28
417,226,2025-08-23
418,2370,2025-09-22
419,781,2025-11-03
420,2511,2025-11-20
421,1071,2025-05-31
422,1110,2025-11-25
423,21,2025-09-15
424,2502,2025-09-27
425,1224,2025-03-06
426,1325,2025-03-31
427,1894,2025-05-07
428,2516,2025-12-09
429,550,2025-05-13
430,2663,2025-03-14
431,1894,2025-03-05
432,1495,2025-12-31
433,2617,2025-04-28
434,223,2025-11-05
435,330,2025-10-01
436,2704,2025-01-04
437,1935,2025-02-18
438,2096,2025-10-24
439,2812,2025-08-14
440,2783,2025-08-11
441,1781,2025-03-25
442,1546,2025-12-03
443,1180,2025-11-05
444,1330,2025-07-10
445,318,2025-05-11
446,588,2025-07-25
447,676,2025-08-10
448,1122,2025-01-13
449,1486,2025-04-17
450,2660,2025-10-08
451,390,2025-11-18
452,379,2025-04-08
453,982,2025-06-07
454,1262,2025-04-29
455,2251,2025-02-05
456,1402,2025-02-24
457,1300,2025-03-13
458,1165,2025-05-18
459,1583,2025-07-01
460,1685,2025-10-02
461,1060,2025-09-14
462,1032,2025-09-26
463,2090,2025-03-18
464,124,2025-08-14
465,1939,2025-08-10
466,2089,2025-02-10
467,1585,2025-10-03
468,919,2025-06-17
469,1887,2025-07-31
470,2729,2025-03-21
471,2539,2025-11-24
472,2382,2025-08-25
473,1212,2025-06-14
474,2715,2025-06-03
475,2242,2025-04-07
476,1945,2025-08-22
477,877,2025-02-19
478,2476,2025-07-29
479,410,2025-01-22
480,1210,2025-10-09
481,2499,2025-01-09
482,781,2025-11-11
483,2397,2025-11-11
484,1080,2025-07-04
485,2540,2025-12-14
486,2409,2025-12-27
487,2944,2025-11-26
488,858,2025-11-08
489,2825,2025-03-16
490,2285,2025-08-07
491,1831,2025-03-25
492,1448,2025-01-21
493,1930,2025-11-04
494,2861,2025-08-23
495,557,2025-02-22
496,1563,2025-12-11
497,697,2025-02-03
498,226,2025-09-15
499,402,2025-02-24
500,1141,2025-07-10
501,1585,2025-07-23
502,63,2025-05-17
503,2973,2025-08-14
504,1353,2025-12-30
505,2212,2025-04-05
506,1640,2025-11-10
507,311,2025-07-26
508,2349,2025-06-23
509,359,2025-10-17
510,2019,2025-06-16
511,2986,2025-07-18
512,1736,2025-12-12
513,1695,2025-10-24
514,2617,2025-04-27
515,467,2025-05-02
516,1661,2025-06-22
517,2683,2025-11-14
518,2346,2025-01-15
519,824,2025-11-16
520,1855,2025-12-27
521,746,2025-07-06
522,575,2025-11-17
523,2479,2025-03-31
524,1242,2025-12-28
525,912,2025-11-26
526,1309,2025-03-15
527,2666,2025-08-18
528,1212,2025-01-18
529,1633,2025-04-24
530,1895,2025-07-29
531,535,2025-06-11
532,2437,2025-08-03
533,2962,2025-12-25
534,2188,2025-01-13
535,2633,2025-06-06
536,2897,2025-08-27
537,2458,2025-11-26
538,1511,2025-11-16
539,2733,2025-07-09
540,1465,2025-07-25
541,2542,2025-02-25
542,2124,2025-04-02
543,128,2025-07-05
544,2819,2025-10-03
545,2552,2025-06-15
546,2783,2025-10-09
547,2282,2025-08-29
548,42,2025-11-08
549,1488,2025-01-21
550,2206,2025-12-22
551,2076,2025-11-19
552,2956,2025-03-26
553,821,2025-05-05
554,21,2025-04-30
555,2159,2025-01-11
556,1445,2025-08-24
557,1091,2025-08-20
558,1336,2025-08-29
559,1103,2025-08-01
560,1814,2025-07-01
561,2056,2025-04-23
562,286,2025-03-26
563,721,2025-11-27
564,2453,2025-01-06
565,1353,2025-04-07
566,213,2025-05-28
567,1237,2025-05-03
568,2314,2025-12-06
569,2460,2025-07-27
570,1920,2025-09-14
571,1980,2025-12-30
572,1151,2025-11-09
573,1182,2025-07-03
574,392,2025-04-12
575,2315,2025-10-25
576,2481,2025-07-20
577,821,2025-11-17
578,627,2025-05-19
579,1897,2025-11-11
580,2064,2025-11-28
581,2594,2025-01-05
582,1904,2025-11-04
583,2325,2025-09-07
584,1815,2025-01-14
585,775,2025-02-07
586,2928,2025-11-09
587,10,2025-12-12
588,1273,2025-07-29
589,2701,2025-07-02
590,2236,2025-09-11
591,146,2025-09-17
592,54,2025-05-19
593,1663,2025-01-26
594,1250,2025-01-27
595,844,2025-06-27
596,2369,2025-12-19
597,1380,2025-02-23
598,992,2025-06-09
599,2215,2025-07-05
600,2951,2025-07-08
601,271,2025-01-27
602,2224,2025-03-06
603,636,2025-09-02
604,1533,2025-02-08
605,2937,2025-11-27
606,1105,2025-07-26
607,626,2025-08-15
608,2857,2025-01-19
609,1900,2025-10-13
610,1289,2025-04-18
611,2994,2025-06-02
612,1669,2025-09-14
613,2571,2025-09-12
614,1492,2025-02-24
615,1859,2025-10-22
616,1092,2025-10-19
617,1312,2025-02-07
618,1953,2025-06-03
619,565,2025-10-02
620,639,2025-06-03
621,1250,2025-04-15
622,2244,2025-12-31
623,98,2025-11-18
624,365,2025-08-07
625,2323,2025-11-30
626,2327,2025-11-08
627,1763,2025-06-17
628,1016,2025-12-28
629,228,2025-01-07
630,2305,2025-11-14
631,933,2025-01-29
632,2881,2025-03-02
633,211,2025-09-25
634,2518,2025-12-05
635,447,2025-11-01
636,2013,2025-10-14
637,768,2025-11-03
638,2805,2025-06-06
639,1600,2025-11-30
640,1680,2025-03-20
641,2184,2025-03-30
642,2360,2025-06-26
643,1483,2025-11-08
644,435,2025-07-19
645,932,2025-02-16
646,1889,2025-07-23
647,1330,2025-10-05
648,2152,2025-08-29
649,169,2025-07-02
650,2346,2025-01-29
651,1854,2025-12-01
652,2292,2025-12-03
653,2240,2025-12-06
654,1086,2025-01-04
655,1677,2025-04-24
656,639,2025-04-29
657,1306,2025-09-25
658,1026,2025-07-04
659,2420,2025-02-22
660,2616,2025-02-12
661,1707,2025-07-08
662,2356,2025-01-08
663,2588,2025-09-10
664,1018,2025-04-01
665,57,2025-06-02
666,1823,2025-02-13
667,734,2025-03-06
668,1030,2025-10-21
669,1601,2025-10-19
670,484,2025-06-21
671,1046,2025-04-25
672,1182,2025-02-21
673,396,2025-01-07
674,1982,2025-11-21
675,2616,2025-05-23
676,1690,2025-06-04
677,857,2025-06-15
678,216,2025-10-20
679,521,2025-11-26
680,1865,2025-03-22
681,1769,2025-06-16
682,450,2025-08-12
683,2713,2025-06-25
684,1065,2025-05-13
685,2171,2025-07-01
686,2842,2025-10-03
687,2199,2025-11-30
688,549,2025-05-30
689,2279,2025-09-23
690,345,2025-05-05
691,1628,2025-11-01
692,2750,2025-11-10
693,2682,2025-02-12
694,2606,2025-07-30
695,2968,2025-08-21
696,2614,2025-08-29
697,281,2025-09-08
698,408,2025-10-09
699,567,2025-06-21
700,1426,2025-10-11
701,348,2025-03-13
702,1786,2025-03-02
703,2858,2025-01-30
704,1158,2025-03-19
705,1667,2025-03-24
706,2227,2025-01-24
707,175,2025-09-23
708,1064,2025-06-25
709,2236,2025-10-15
710,352,2025-04-14
711,2416,2025-07-25
712,1038,2025-07-30
713,504,2025-09-10
714,1237,2025-05-09
715,2219,2025-05-04
716,711,2025-06-10
717,470,2025-07-02
718,1887,2025-05-02
719,2320,2025-05-21
720,121,2025-11-14
721,2548,2025-08-20
722,2823,2025-07-05
723,1447,2025-03-02
724,296,2025-09-17
725,2769,2025-10-19
726,2448,2025-02-13
727,945,2025-07-25
728,1621,2025-04-21
729,2215,2025-08-28
730,333,2025-08-16
731,349,2025-08-11
732,2965,2025-05-08
733,399,2025-02-06
734,12,2025-01-07
735,756,2025-08-22
736,456,2025-10-14
737,908,2025-01-12
738,2028,2025-01-23
739,35,2025-04-22
740,551,2025-07-12
741,343,2025-01-05
742,2750,2025-01-23
743,1421,2025-03-29
744,854,2025-12-23
745,2209,2025-10-15
746,25,2025-10-30
747,2334,2025-12-10
748,450,2025-02-26
749,575,2025-05-29
750,574,2025-03-14
751,2646,2025-05-19
752,727,2025-07-20
753,1014,2025-11-29
754,1322,2025-05-19
755,2627,2025-06-29
756,2788,2025-10-07
757,1359,2025-10-02
758,2461,2025-06-17
759,2102,2025-09-17
760,2958,2025-06-30
761,2585,2025-12-19
762,1236,2025-10-10
763,1017,2025-07-09
764,2457,2025-11-21
765,1953,2025-05-26
766,1527,2025-01-29
767,1456,2025-06-11
768,844,2025-01-06
769,1985,2025-02-14
770,1917,2025-01-26
771,1795,2025-02-04
772,169,2025-01-24
773,2727,2025-08-05
774,1357,2025-12-27
775,2085,2025-05-04
776,1821,2025-11-11
777,2621,2025-01-06
778,389,2025-10-27
779,1693,2025-09-10
780,2156,2025-12-24
781,1767,2025-06-09
782,650,2025-06-11
783,276,2025-08-02
784,2398,2025-01-25
785,1711,2025-04-01
786,2914,2025-10-10
787,1999,2025-04-30
788,2576,2025-07-23
789,2682,2025-02-13
790,391,2025-09-30
791,2749,2025-10-06
792,907,2025-09-22
793,1798,2025-01-30
794,1538,2025-11-04
795,1133,2025-10-08
796,1995,2025-03-06
797,446,2025-02-04
798,1339,2025-12-10
799,2583,2025-12-27
800,1242,2025-08-25
801,2710,2025-04-27
802,2184,2025-08-29
803,2338,2025-02-27
804,920,2025-05-09
805,2427,2025-01-13
806,896,2025-08-20
807,1343,2025-06-08
808,2990,2025-04-09
809,816,2025-06-07
810,2097,2025-05-16
811,720,2025-11-12
812,2621,2025-04-27
813,1300,2025-09-23
814,472,2025-04-04
815,2903,2025-12-16
816,2148,2025-11-24
817,1877,2025-04-12
818,1067,2025-09-22
819,406,2025-12-30
820,2123,2025-11-20
821,131,2025-07-08
822,1496,2025-03-01
823,2998,2025-03-28
824,398,2025-01-19
825,2249,2025-11-05
826,1678,2025-11-29
827,2785,2025-01-29
828,172,2025-11-09
829,437,2025-12-23
830,1380,2025-11-24
831,1959,2025-07-04
832,1905,2025-11-21
833,974,2025-09-13
834,653,2025-07-30
835,2300,2025-08-29
836,41,2025-06-13
837,483,2025-08-14
838,2249,2025-11-06
839,57,2025-10-07
840,2127,2025-11-09
841,1781,2025-12-27
842,628,2025-09-13
843,1242,2025-03-10
844,322,2025-12-10
845,1177,2025-08-08
846,1968,2025-01-27
847,464,2025-12-15
848,1811,2025-04-13
849,423,2025-08-04
850,177,2025-06-17
851,2602,2025-11-23
852,1305,2025-04-09
853,253,2025-08-25
854,444,2025-12-06
855,2823,2025-06-15
856,2229,2025-11-13
857,539,2025-05-26
858,1982,2025-11-13
859,1993,2025-12-10
860,1848,2025-08-22
861,1340,2025-08-20
862,1120,2025-02-22
863,1632,2025-03-30
864,1052,2025-01-27
865,569,2025-03-30
866,636,2025-06-08
867,2328,2025-05-03
868,2233,2025-12-13
869,2459,2025-12-06
870,1741,2025-03-04
871,157,2025-08-11
872,1286,2025-01-04
873,654,2025-05-28
874,1600,2025-11-05
875,1889,2025-11-26
876,2580,2025-03-28
877,2643,2025-10-19
878,1942,2025-11-06
879,1131,2025-12-09
880,449,2025-08-07
881,867,2025-04-27
882,2846,2025-03-16
883,853,2025-07-04
884,1036,2025-03-06
885,418,2025-09-21
886,957,2025-02-09
887,1732,2025-06-29
888,402,2025-11-19
889,264,2025-11-04
890,2357,2025-02-02
891,1269,2025-03-16
892,1218,2025-06-19
893,1702,2025-04-01
894,419,2025-06-03
895,1060,2025-02-20
896,856,2025-07-07
897,154,2025-10-27
898,2535,2025-05-11
899,1600,2025-08-24
900,398,2025-06-02
901,723,2025-12-03
902,309,2025-12-19
903,661,2025-03-10
904,546,2025-10-14
905,1102,2025-11-18
906,1673,2025-02-22
907,1771,2025-08-08
908,801,2025-07-06
909,1075,2025-07-14
910,10,2025-08-01
911,50,2025-06-14
912,2671,2025-09-28
913,684,2025-08-26
914,505,2025-09-24
915,490,2025-06-04
916,1207,2025-09-25
917,2220,2025-10-16
918,2821,2025-07-10
919,2659,2025-04-05
920,1106,2025-11-05
921,461,2025-04-15
922,2182,2025-09-10
923,175,2025-10-24
924,1882,2025-12-29
925,2802,2025-01-13
926,2491,2025-09-18
927,787,2025-05-20
928,852,2025-09-29
929,2264,2025-04-19
930,576,2025-08-26
931,2573,2025-09-12
932,2927,2025-03-07
933,97,2025-08-07
934,2675,2025-01-22
935,269,2025-01-16
936,422,2025-11-07
937,2809,2025-12-12
938,2493,2025-12-04
939,1466,2025-04-16
940,1939,2025-04-17
941,1482,2025-02-21
942,6,2025-08-01
943,618,2025-12-01
944,2940,2025-01-28
945,1816,2025-12-20
946,2155,2025-06-09
947,2471,2025-07-25
948,2612,2025-11-26
949,2440,2025-04-23
950,1264,2025-11-16
951,838,2025-04-03
952,1273,2025-10-26
953,1692,2025-03-28
954,1091,2025-07-16
955,1973,2025-08-29
956,118,2025-07-30
957,2651,2025-05-23
958,487,2025-05-18
959,2911,2025-07-08
960,1931,2025-01-13
961,225,2025-05-07
962,702,2025-06-06
963,1488,2025-05-28
964,1549,2025-01-12
965,487,2025-06-28
966,2521,2025-06-15
967,741,2025-01-05
968,1276,2025-04-30
969,237,2025-09-08
970,1928,2025-06-20
971,2037,2025-03-16
972,874,2025-10-25
973,1561,2025-07-21
974,152,2025-07-14
975,2901,2025-03-26
976,2638,2025-11-12
977,1328,2025-02-01
978,2513,2025-04-24
979,2690,2025-02-10
980,2906,2025-10-29
981,1415,2025-11-13
982,125,2025-10-22
983,1851,2025-04-01
984,1552,2025-12-14
985,2633,2025-07-14
986,2533,2025-04-13
987,669,2025-03-29
988,1024,2025-12-20
989,158,2025-01-22
990,2283,2025-08-22
991,2495,2025-06-09
992,2412,2025-10-23
993,2286,2025-09-01
994,1881,2025-09-10
995,2965,2025-02-04
996,1838,2025-08-10
997,1747,2025-01-18
998,372,2025-01-31
999,103,2025-02-07
1000,797,2025-06-07
1001,2656,2025-06-03
1002,2029,2025-01-30
1003,954,2025-01-31
1004,2143,2025-11-28
1005,1035,2025-02-17
1006,417,2025-06-11
1007,2822,2025-11-25
1008,866,2025-03-18
1009,387,2025-09-30
1010,1555,2025-06-01
1011,980,2025-03-05
1012,565,2025-06-29
1013,2491,2025-03-30
1014,1663,2025-11-19
1015,1649,2025-06-20
1016,470,2025-11-12
1017,2891,2025-05-30
1018,1832,2025-07-17
1019,2038,2025-05-10
1020,730,2025-07-15
1021,1628,2025-01-17
1022,2669,2025-07-30
1023,1751,2025-01-03
1024,351,2025-05-18
1025,1616,2025-07-28
1026,1159,2025-07-22
1027,827,2025-07-19
1028,429,2025-05-27
1029,932,2025-12-11
1030,611,2025-09-03
1031,2523,2025-05-27
1032,374,2025-10-30
1033,876,2025-12-24
1034,1526,2025-08-16
1035,1976,2025-09-11
1036,1070,2025-12-03
1037,111,2025-07-23
1038,2428,2025-11-06
1039,2599,2025-08-23
1040,133,2025-11-29
1041,1239,2025-05-25
1042,2551,2025-07-26
1043,1998,2025-02-14
1044,1547,2025-03-28
1045,1269,2025-07-22
1046,2797,2025-01-02
1047,1791,2025-10-04
1048,92,2025-06-05
1049,2615,2025-10-31
1050,2843,2025-08-28
1051,1897,2025-10-23
1052,2950,2025-04-13
1053,846,2025-04-26
1054,2604,2025-01-16
1055,715,2025-05-06
1056,421,2025-11-19
1057,398,2025-09-01
1058,1790,2025-04-09
1059,2492,2025-09-17
1060,1894,2025-07-09
1061,612,2025-10-24
1062,592,2025-06-15
1063,1234,2025-04-28
1064,1107,2025-07-27
1065,2925,2025-12-04
1066,729,2025-06-10
1067,18,2025-04-29
1068,2962,2025-05-26
1069,2737,2025-02-08
1070,2143,2025-06-27
1071,377,2025-10-17
1072,2904,2025-07-27
1073,2004,2025-05-28
1074,1400,2025-02-22
1075,2456,2025-07-18
1076,593,2025-07-29
1077,466,2025-10-07
1078,2225,2025-01-31
1079,315,2025-11-01
1080,2530,2025-06-27
1081,1793,2025-04-26
1082,1280,2025-07-22
1083,1592,2025-03-29
1084,329,2025-10-21
1085,2794,2025-11-15
1086,995,2025-11-06
1087,1239,2025-10-11
1088,528,2025-03-05
1089,1855,2025-01-23
1090,1005,2025-03-12
1091,1726,2025-01-29
1092,2914,2025-08-05
1093,2082,2025-05-22
1094,1029,2025-07-03
1095,930,2025-10-31
1096,2245,2025-02-12
1097,2321,2025-07-07
1098,1253,2025-05-22
1099,2149,2025-05-10
1100,596,2025-11-07
1101,1867,2025-09-30
1102,2448,2025-09-05
1103,2390,2025-06-03
1104,2696,2025-01-19
1105,2515,2025-06-21
1106,1862,2025-04-09
1107,2920,2025-09-06
1108,2488,2025-07-17
1109,1115,2025-01-31
1110,2018,2025-01-07
1111,2656,2025-01-13
1112,2716,2025-01-04
1113,227,2025-11-27
1114,2786,2025-08-15
1115,2210,2025-01-18
1116,1999,2025-04-15
1117,2915,2025-09-12
1118,318,2025-08-24
1119,37,2025-05-14
1120,518,2025-07-12
1121,84,2025-11-13
1122,693,2025-04-12
1123,410,2025-12-30
1124,466,2025-03-12
1125,335,2025-06-20
1126,758,2025-10-15
1127,2868,2025-07-03
1128,2854,2025-08-13
1129,1874,2025-10-28
1130,739,2025-03-07
1131,1686,2025-04-16
1132,2853,2025-10-04
1133,943,2025-02-28
1134,47,2025-02-03
1135,1702,2025-04-08
1136,1442,2025-05-28
1137,2955,2025-09-25
1138,152,2025-10-20
1139,1027,2025-07-11
1140,2733,2025-11-05
1141,834,2025-12-09
1142,2929,2025-01-19
1143,2579,2025-10-23
1144,1488,2025-01-14
1145,2131,2025-06-24
1146,1401,2025-06-07
1147,2024,2025-05-27
1148,38,2025-04-08
1149,2892,2025-02-20
1150,2275,2025-10-30
1151,1149,2025-02-21
1152,1108,2025-03-10
1153,576,2025-11-03
1154,1288,2025-03-25
1155,749,2025-01-24
1156,2305,2025-11-05
1157,1466,2025-04-22
1158,156,2025-01-15
1159,1739,2025-09-28
1160,1018,2025-07-01
1161,2520,2025-08-27
1162,296,2025-06-18
1163,386,2025-08-31
1164,2629,2025-06-03
1165,2397,2025-06-30
1166,992,2025-04-09
1167,2128,2025-06-08
1168,1315,2025-03-10
1169,2296,2025-09-06
1170,539,2025-12-10
1171,159,2025-10-26
1172,1798,2025-12-24
1173,654,2025-11-15
1174,1866,2025-06-29
1175,612,2025-04-11
1176,1069,2025-12-12
1177,1002,2025-10-19
1178,2511,2025-11-26
1179,1904,2025-04-28
1180,1830,2025-06-22
1181,2637,2025-08-16
1182,247,2025-08-29
1183,1407,2025-08-02
1184,2951,2025-12-01
1185,523,2025-05-09
1186,87,2025-07-29
1187,379,2025-07-30
1188,765,2025-04-27
1189,1874,2025-07-23
1190,2090,2025-10-16
1191,2310,2025-02-13
1192,495,2025-11-17
1193,2402,2025-07-17
1194,1099,2025-11-08
1195,1828,2025-12-08
1196,2093,2025-11-11
1197,770,2025-08-24
1198,2231,2025-11-10
1199,215,2025-06-25
1200,1013,2025-06-30
1201,875,2025-04-05
1202,465,2025-09-01
1203,2796,2025-12-28
1204,1362,2025-03-22
1205,385,2025-08-31
1206,1303,2025-11-23
1207,2300,2025-06-07
1208,280,2025-07-11
1209,287,2025-05-23
1210,555,2025-07-13
1211,2135,2025-09-05
1212,2147,2025-06-03
1213,1305,2025-02-03
1214,583,2025-07-09
1215,1880,2025-04-24
1216,539,2025-09-25
1217,2425,2025-09-03
1218,2175,2025-07-26
1219,145,2025-12-17
1220,361,2025-01-05
1221,717,2025-06-01
1222,71,2025-10-12
1223,2811,2025-06-29
1224,2338,2025-10-02
1225,653,2025-07-18
1226,1349,2025-12-12
1227,1278,2025-03-22
1228,2847,2025-05-08
1229,2111,2025-03-25
1230,1747,2025-09-21
1231,1205,2025-06-25
1232,1515,2025-02-12
1233,602,2025-03-17
1234,971,2025-01-03
1235,2471,2025-01-01
1236,1988,2025-07-24
1237,2266,2025-11-17
1238,2449,2025-06-22
1239,1191,2025-04-23
1240,705,2025-09-11
1241,1557,2025-12-20
1242,1504,2025-09-03
1243,723,2025-01-06
1244,651,2025-01-16
1245,1190,2025-06-10
1246,2515,2025-09-12
1247,1971,2025-12-18
1248,1361,2025-09-19
1249,1413,2025-05-11
1250,777,2025-04-29
1251,717,2025-09-26
1252,1759,2025-02-24
1253,2546,2025-11-06
1254,1500,2025-03-04
1255,1528,2025-07-01
1256,1431,2025-07-31
1257,1689,2025-08-15
1258,1719,2025-08-21
1259,2025,2025-06-12
1260,1936,2025-10-11
1261,1612,2025-12-26
1262,549,2025-12-29
1263,1880,2025-11-25
1264,1939,2025-09-15
1265,1147,2025-02-27
1266,1618,2025-07-31
1267,2791,2025-05-18
1268,1325,2025-03-06
1269,1980,2025-01-06
1270,597,2025-04-01
1271,2235,2025-10-20
1272,51,2025-08-17
1273,1127,2025-07-07
1274,2571,2025-02-15
1275,1636,2025-05-26
1276,1081,2025-12-02
1277,654,2025-05-25
1278,2067,2025-11-25
1279,506,2025-04-26
1280,2625,2025-01-30
1281,1918,2025-11-25
1282,2450,2025-08-08
1283,1077,2025-08-23
1284,1554,2025-12-25
1285,669,2025-11-05
1286,1303,2025-09-16
1287,204,2025-06-26
1288,2149,2025-09-04
1289,1325,2025-10-21
1290,2372,2025-03-03
1291,346,2025-08-13
1292,2143,2025-06-06
1293,1136,2025-02-08
1294,1446,2025-06-21
1295,2743,2025-07-19
1296,1645,2025-03-13
1297,578,2025-11-29
1298,1722,2025-09-09
1299,878,2025-01-07
1300,601,2025-07-28
1301,1516,2025-06-19
1302,2432,2025-06-27
1303,310,2025-07-12
1304,713,2025-04-04
1305,2310,2025-09-04
1306,1439,2025-04-25
1307,2923,2025-02-13
1308,70,2025-12-31
1309,810,2025-10-22
1310,1724,2025-07-05
1311,2347,2025-07-14
1312,710,2025-05-15
1313,2568,2025-06-13
1314,2231,2025-05-19
1315,970,2025-01-16
1316,2644,2025-07-02
1317,846,2025-05-14
1318,2332,2025-11-19
1319,2987,2025-01-28
1320,2416,2025-11-21
1321,1485,2025-04-17
1322,1963,2025-03-09
1323,1593,2025-11-10
1324,552,2025-02-05
1325,2551,2025-03-12
1326,2907,2025-05-29
1327,2988,2025-08-08
1328,629,2025-07-31
1329,1245,2025-04-18
1330,2208,2025-11-08
1331,1399,2025-06-17
1332,981,2025-07-18
1333,2480,2025-11-05
1334,29,2025-08-14
1335,1270,2025-01-12
1336,1965,2025-06-18
1337,2925,2025-05-11
1338,2972,2025-03-13
1339,544,2025-05-08
1340,595,2025-03-17
1341,2271,2025-11-03
1342,736,2025-06-20
1343,2903,2025-04-18
1344,2189,2025-03-08
1345,589,2025-11-23
1346,632,2025-10-13
1347,240,2025-03-25
1348,276,2025-07-27
1349,2755,2025-01-26
1350,2779,2025-12-21
1351,2860,2025-08-21
1352,2621,2025-08-11
1353,1959,2025-09-30
1354,1281,2025-06-02
1355,2314,2025-08-03
1356,1456,2025-01-23
1357,807,2025-09-30
1358,1616,2025-01-09
1359,2268,2025-03-12
1360,2223,2025-04-28
1361,781,2025-07-28
1362,1435,2025-02-23
1363,1818,2025-01-15
1364,2109,2025-01-24
1365,278,2025-06-27
1366,2456,2025-07-12
1367,1866,2025-07-30
1368,370,2025-11-13
1369,803,2025-07-29
1370,100,2025-01-02
1371,825,2025-11-24
1372,1553,2025-11-02
1373,1414,2025-09-16
1374,2407,2025-11-10
1375,2445,2025-08-21
1376,873,2025-03-02
1377,2092,2025-09-17
1378,641,2025-06-27
1379,1539,2025-06-09
1380,2083,2025-04-21
1381,1116,2025-10-03
1382,118,2025-08-12
1383,1245,2025-09-05
1384,1307,2025-12-24
1385,571,2025-01-08
1386,502,2025-06-29
1387,1080,2025-11-10
1388,1165,2025-01-16
1389,612,2025-05-10
1390,1077,2025-11-01
1391,590,2025-03-10
1392,2717,2025-12-03
1393,2622,2025-03-05
1394,2970,2025-06-07
1395,1860,2025-08-31
1396,2050,2025-07-05
1397,2773,2025-12-18
1398,1787,2025-02-14
1399,563,2025-09-09
1400,1430,2025-12-30
1401,606,2025-10-30
1402,1791,2025-10-13
1403,1322,2025-10-16
1404,116,2025-12-22
1405,495,2025-04-10
1406,469,2025-08-29
1407,494,2025-04-15
1408,293,2025-03-20
1409,2621,2025-10-24
1410,2767,2025-06-19
1411,384,2025-12-10
1412,492,2025-06-28
1413,287,2025-12-07
1414,1963,2025-07-04
1415,243,2025-03-12
1416,1079,2025-11-30
1417,2199,2025-11-15
1418,614,2025-12-05
1419,611,2025-07-13
1420,1087,2025-02-03
1421,1555,2025-12-25
1422,478,2025-02-28
1423,1738,2025-04-03
1424,1499,2025-12-07
1425,393,2025-10-07
1426,2782,2025-07-06
1427,1570,2025-11-22
1428,2847,2025-11-11
1429,2142,2025-10-13
1430,444,2025-03-29
1431,670,2025-10-31
1432,864,2025-09-19
1433,1353,2025-06-18
1434,345,2025-01-09
1435,2163,2025-03-21
1436,2647,2025-07-20
1437,1189,2025-03-26
1438,781,2025-12-08
1439,1523,2025-10-22
1440,1716,2025-02-13
1441,1488,2025-10-16
1442,1794,2025-04-15
1443,2789,2025-09-25
1444,1462,2025-10-02
1445,930,2025-02-02
1446,2364,2025-12-04
1447,130,2025-04-16
1448,1491,2025-07-15
1449,2735,2025-10-18
1450,1547,2025-06-16
1451,2828,2025-09-17
1452,322,2025-07-24
1453,787,2025-11-08
1454,1695,2025-11-07
1455,853,2025-03-23
1456,2221,2025-12-26
1457,2006,2025-08-17
1458,2419,2025-12-30
1459,2880,2025-03-25
1460,229,2025-07-18
1461,1853,2025-07-11
1462,777,2025-12-17
1463,2074,2025-05-03
1464,2716,2025-05-09
1465,1058,2025-10-12
1466,263,2025-10-19
1467,2860,2025-02-22
1468,2498,2025-11-13
1469,2297,2025-11-13
1470,347,2025-09-28
1471,1130,2025-02-21
1472,1923,2025-06-08
1473,2438,2025-09-15
1474,2538,2025-09-14
1475,1005,2025-06-07
1476,2900,2025-03-20
1477,902,2025-12-20
1478,66,2025-06-01
1479,2762,2025-11-20
1480,2811,2025-10-29
1481,2706,2025-04-12
1482,1932,2025-09-11
1483,1785,2025-02-06
1484,589,2025-11-28
1485,49,2025-08-12
1486,2852,2025-01-17
1487,521,2025-01-04
1488,2141,2025-04-01
1489,253,2025-07-16
1490,2307,2025-02-16
1491,2899,2025-01-26
1492,2328,2025-02-26
1493,2281,2025-02-27
1494,1310,2025-02-18
1495,294,2025-11-29
1496,1480,2025-04-19
1497,2386,2025-07-07
1498,2321,2025-10-17
1499,1662,2025-08-05
1500,2192,2025-06-22
1501,2799,2025-06-07
1502,1352,2025-04-25
1503,146,2025-03-01
1504,2995,2025-03-18
1505,2555,2025-01-31
1506,2538,2025-02-17
1507,312,2025-07-10
1508,1792,2025-06-27
1509,1086,2025-04-17
1510,817,2025-01-17
1511,932,2025-10-15
1512,184,2025-06-19
1513,2227,2025-10-08
1514,676,2025-08-06
1515,392,2025-11-24
1516,560,2025-04-25
1517,2896,2025-05-19
1518,2338,2025-08-08
1519,1316,2025-12-27
1520,450,2025-06-04
1521,1765,2025-05-26
1522,2185,2025-04-06
1523,2928,2025-04-13
1524,2077,2025-02-21
1525,181,2025-12-23
1526,2349,2025-07-08
1527,2232,2025-05-01
1528,2704,2025-08-12
1529,9,2025-06-18
1530,1732,2025-09-03
1531,1828,2025-02-09
1532,2124,2025-10-19
1533,2015,2025-02-23
1534,384,2025-11-05
1535,2239,2025-11-16
1536,2964,2025-12-15
1537,1532,2025-06-28
1538,1989,2025-09-16
1539,2631,2025-10-18
1540,2138,2025-04-21
1541,1093,2025-05-20
1542,2042,2025-02-07
1543,1930,2025-10-05
1544,245,2025-12-20
1545,149,2025-01-22
1546,1197,2025-09-28
1547,2537,2025-02-16
1548,2847,2025-11-21
1549,1011,2025-11-05
1550,330,2025-03-05
1551,2009,2025-08-07
1552,1170,2025-03-05
1553,253,2025-08-31
1554,44,2025-08-13
1555,849,2025-11-23
1556,2638,2025-03-04
1557,1692,2025-07-15
1558,984,2025-11-13
1559,2150,2025-01-25
1560,438,2025-05-03
1561,1219,2025-03-14
1562,728,2025-10-16
1563,1304,2025-11-20
1564,1358,2025-01-25
1565,2129,2025-01-26
1566,752,2025-09-27
1567,2603,2025-03-14
1568,259,2025-05-10
1569,578,2025-01-06
1570,1139,2025-10-05
1571,2752,2025-05-02
1572,2451,2025-01-01
1573,2878,2025-07-23
1574,816,2025-08-03
1575,1666,2025-10-09
1576,87,2025-05-16
1577,295,2025-10-27
1578,2908,2025-12-28
1579,204,2025-12-24
1580,2590,2025-08-21
1581,2896,2025-01-27
1582,237,2025-11-18
1583,1785,2025-06-02
1584,1592,2025-08-17
1585,758,2025-04-23
1586,2656,2025-11-17
1587,2279,2025-07-28
1588,2171,2025-06-05
1589,2093,2025-08-12
1590,1786,2025-10-17
1591,1356,2025-06-20
1592,2497,2025-11-24
1593,984,2025-05-01
1594,455,2025-07-23
1595,1966,2025-05-11
1596,966,2025-03-07
1597,2578,2025-09-13
1598,383,2025-03-14
1599,1794,2025-05-19
1600,721,2025-05-04
1601,537,2025-04-25
1602,229,2025-02-25
1603,121,2025-06-05
1604,2952,2025-12-17
1605,1885,2025-04-05
1606,841,2025-12-18
1607,10,2025-01-29
1608,2250,2025-03-25
1609,157,2025-02-03
1610,2613,2025-01-22
1611,2530,2025-10-28
1612,1534,2025-12-03
1613,2563,2025-10-16
1614,2766,2025-06-15
1615,235,2025-04-22
1616,1097,2025-12-09
1617,2950,2025-12-21
1618,2983,2025-09-16
1619,2989,2025-11-02
1620,2431,2025-07-06
1621,880,2025-07-24
1622,1327,2025-07-28
1623,123,2025-04-06
1624,1309,2025-08-28
1625,2391,2025-10-31
1626,2078,2025-12-18
1627,1715,2025-05-01
1628,710,2025-12-15
1629,426,2025-05-02
1630,557,2025-06-06
1631,2182,2025-02-11
1632,707,2025-03-18
1633,1545,2025-10-11
1634,2758,2025-11-22
1635,1396,2025-09-15
1636,970,2025-05-29
1637,20,2025-02-13
1638,1897,2025-06-25
1639,2115,2025-06-24
1640,951,2025-07-26
1641,1178,2025-02-13
1642,390,2025-03-30
1643,1432,2025-09-27
1644,731,2025-12-19
1645,2044,2025-12-04
1646,1870,2025-05-09
1647,1982,2025-02-05
1648,1409,2025-09-18
1649,970,2025-07-29
1650,2222,2025-04-24
1651,1691,2025-05-08
1652,2714,2025-10-12
1653,409,2025-08-23
1654,949,2025-04-29
1655,763,2025-05-21
1656,1809,2025-04-16
1657,65,2025-01-03
1658,1218,2025-03-10
1659,323,2025-08-21
1660,862,2025-12-22
1661,1759,2025-11-09
1662,454,2025-08-22
1663,2761,2025-11-11
1664,1830,2025-07-26
1665,799,2025-12-19
1666,2458,2025-11-16
1667,1383,2025-04-16
1668,1349,2025-11-23
1669,1718,2025-10-17
1670,1956,2025-02-05
1671,1377,2025-05-11
1672,781,2025-12-27
1673,432,2025-10-14
1674,1392,2025-05-11
1675,1898,2025-10-03
1676,329,2025-06-13
1677,1303,2025-06-11
1678,307,2025-12-30
1679,1549,2025-06-06
1680,2557,2025-01-14
1681,121,2025-12-09
1682,1110,2025-04-17
1683,503,2025-01-30
1684,251,2025-10-29
1685,103,2025-12-28
1686,838,2025-05-02
1687,2269,2025-10-01
1688,1287,2025-11-27
1689,389,2025-11-07
1690,2983,2025-11-25
1691,2484,2025-04-22
1692,1530,2025-01-04
1693,2283,2025-06-28
1694,2007,2025-02-26
1695,1509,2025-11-16
1696,2932,2025-05-16
1697,2742,2025-10-26
1698,590,2025-10-02
1699,1444,2025-12-29
1700,392,2025-08-19
1701,855,2025-06-27
1702,2371,2025-11-09
1703,1292,2025-05-18
1704,1810,2025-08-19
1705,1168,2025-12-11
1706,2102,2025-04-29
1707,2,2025-01-12
1708,1505,2025-12-07
1709,1250,2025-07-09
1710,2459,2025-02-19
1711,1495,2025-04-24
1712,310,2025-09-22
1713,853,2025-12-14
1714,2301,2025-01-29
1715,1554,2025-12-02
1716,318,2025-01-06
1717,2819,2025-08-14
1718,2371,2025-06-13
1719,1333,2025-04-28
1720,1096,2025-02-12
1721,2688,2025-08-08
1722,368,2025-05-06
1723,2624,2025-01-15
1724,147,2025-11-15
1725,466,2025-12-05
1726,789,2025-12-24
1727,416,2025-10-14
1728,2088,2025-03-20
1729,1123,2025-01-14
1730,2625,2025-10-29
1731,1708,2025-09-01
1732,2693,2025-08-10
1733,385,2025-01-21
1734,182,2025-06-30
1735,737,2025-03-04
1736,2217,2025-09-21
1737,2334,2025-06-15
1738,1847,2025-05-28
1739,193,2025-10-25
1740,614,2025-08-15
1741,432,2025-04-17
1742,2510,2025-03-28
1743,1755,2025-08-25
1744,2596,2025-02-26
1745,213,2025-09-06
1746,2493,2025-06-30
1747,2682,2025-10-16
1748,2331,2025-01-02
1749,2816,2025-08-18
1750,944,2025-05-12
1751,2850,2025-10-11
1752,547,2025-09-04
1753,339,2025-10-03
1754,457,2025-04-23
1755,2790,2025-01-10
1756,1365,2025-11-06
1757,1735,2025-09-19
1758,2559,2025-05-09
1759,752,2025-11-13
1760,837,2025-09-03
1761,533,2025-04-21
1762,2391,2025-03-22
1763,697,2025-01-18
1764,2773,2025-05-15
1765,1012,2025-01-02
1766,2593,2025-02-26
1767,1401,2025-07-13
1768,235,2025-04-29
1769,2270,2025-07-01
1770,774,2025-12-10
1771,211,2025-08-12
1772,1167,2025-11-04
1773,1252,2025-05-31
1774,1895,2025-05-03
1775,2459,2025-10-29
1776,59,2025-10-12
1777,2529,2025-11-12
1778,1859,2025-08-21
1779,1880,2025-10-13
1780,95,2025-07-31
1781,1073,2025-03-18
1782,260,2025-05-15
1783,1047,2025-03-04
1784,1444,2025-09-01
1785,2725,2025-04-11
1786,148,2025-07-24
1787,1959,2025-09-11
1788,709,2025-09-05
1789,1771,2025-03-23
1790,429,2025-06-04
1791,2225,2025-08-06
1792,1165,2025-05-25
1793,1023,2025-07-20
1794,1915,2025-09-14
1795,1867,2025-12-10
1796,160,2025-04-18
1797,632,2025-05-01
1798,10,2025-01-19
1799,2709,2025-03-11
1800,2401,2025-01-19
1801,932,2025-04-04
1802,754,2025-10-11
1803,1593,2025-06-07
1804,402,2025-03-24
1805,2716,2025-02-13
1806,911,2025-06-28
1807,2687,2025-12-18
1808,479,2025-07-27
1809,1496,2025-12-07
1810,436,2025-10-07
1811,1688,2025-08-17
1812,251,2025-02-04
1813,2033,2025-11-06
1814,2276,2025-04-27
1815,2537,2025-08-18
1816,2419,2025-10-18
1817,2701,2025-12-22
1818,376,2025-11-03
1819,1402,2025-08-19
1820,2941,2025-10-08
1821,2791,2025-02-23
1822,1573,2025-12-10
1823,2524,2025-02-14
1824,72,2025-07-13
1825,2398,2025-08-24
1826,26,2025-12-17
1827,1088,2025-10-10
1828,2756,2025-01-26
1829,4,2025-08-21
1830,1226,2025-09-26
1831,1563,2025-04-14
1832,578,2025-07-06
1833,1859,2025-09-28
1834,2011,2025-01-05
1835,1672,2025-07-05
1836,60,2025-12-12
1837,437,2025-05-20
1838,1832,2025-03-26
1839,658,2025-08-21
1840,2229,2025-07-07
1841,1321,2025-08-24
1842,1792,2025-01-01
1843,1585,2025-05-01
1844,1075,2025-08-17
1845,2983,2025-09-07
1846,710,2025-08-19
1847,2760,2025-07-31
1848,1426,2025-08-30
1849,210,2025-06-27
1850,2263,2025-11-23
1851,2077,2025-11-21
1852,2644,2025-03-19
1853,2052,2025-08-05
1854,2730,2025-03-14
1855,1203,2025-10-19
1856,1722,2025-04-15
1857,665,2025-06-03
1858,1656,2025-11-17
1859,403,2025-12-26
1860,569,2025-06-27
1861,888,2025-08-18
1862,911,2025-04-12
1863,2358,2025-02-21
1864,882,2025-05-09
1865,2328,2025-05-12
1866,2061,2025-12-31
1867,1689,2025-07-11
1868,1725,2025-01-10
1869,213,2025-03-25
1870,2008,2025-09-26
1871,2258,2025-01-15
1872,246,2025-03-29
1873,48,2025-02-06
1874,1921,2025-10-04
1875,1090,2025-09-22
1876,545,2025-03-06
1877,2272,2025-07-26
1878,670,2025-03-17
1879,2818,2025-06-30
1880,2654,2025-10-04
1881,96,2025-08-08
1882,2493,2025-11-13
1883,466,2025-11-14
1884,2062,2025-04-29
1885,2027,2025-10-28
1886,1311,2025-11-12
1887,427,2025-12-28
1888,21,2025-10-01
1889,204,2025-04-14
1890,786,2025-12-30
1891,181,2025-07-31
1892,843,2025-02-11
1893,738,2025-04-18
1894,2915,2025-10-23
1895,407,2025-04-08
1896,1479,2025-08-22
1897,2168,2025-08-24
1898,1245,2025-07-25
1899,781,2025-01-31
1900,516,2025-08-06
1901,2966,2025-02-01
1902,1314,2025-05-23
1903,2101,2025-02-17
1904,48,2025-07-23
1905,1691,2025-01-09
1906,2264,2025-08-08
1907,1988,2025-01-19
1908,1682,2025-04-25
1909,298,2025-10-23
1910,1963,2025-05-07
1911,926,2025-11-20
1912,475,2025-08-31
1913,2905,2025-10-07
1914,2321,2025-05-25
1915,249,2025-12-17
1916,29,2025-04-02
1917,2457,2025-06-27
1918,203,2025-05-04
1919,2190,2025-02-24
1920,1479,2025-04-30
1921,1749,2025-03-25
1922,2,2025-12-03
1923,1255,2025-10-02
1924,1653,2025-02-21
1925,1679,2025-08-02
1926,2837,2025-06-23
1927,1540,2025-04-07
1928,1115,2025-05-17
1929,1935,2025-02-06
1930,1592,2025-09-16
1931,1056,2025-05-15
1932,2180,2025-11-30
1933,87,2025-04-11
1934,870,2025-06-05
1935,346,2025-11-20
1936,1098,2025-06-25
1937,934,2025-01-06
1938,1529,2025-09-03
1939,2159,2025-05-07
1940,1859,2025-04-12
1941,2879,2025-02-02
1942,2888,2025-11-01
1943,815,2025-03-04
1944,1553,2025-04-25
1945,178,2025-05-23
1946,1394,2025-10-24
1947,1875,2025-03-14
1948,1629,2025-08-05
1949,2187,2025-11-02
1950,479,2025-01-07
1951,799,2025-03-10
1952,2443,2025-10-20
1953,1704,2025-07-15
1954,2426,2025-12-25
1955,8,2025-03-06
1956,2141,2025-05-22
1957,830,2025-06-30
1958,2380,2025-05-18
1959,4,2025-09-08
1960,175,2025-07-04
1961,1478,2025-04-02
1962,2131,2025-02-21
1963,618,2025-09-29
1964,296,2025-02-22
1965,2267,2025-03-28
1966,381,2025-10-12
1967,694,2025-07-17
1968,2864,2025-08-28
1969,1529,2025-04-22
1970,2797,2025-09-12
1971,1037,2025-12-09
1972,1108,2025-02-17
1973,1711,2025-10-03
1974,700,2025-02-19
1975,711,2025-04-29
1976,2419,2025-01-21
1977,1190,2025-08-17
1978,2505,2025-03-07
1979,2675,2025-09-29
1980,726,2025-08-17
1981,106,2025-11-29
1982,1161,2025-03-05
1983,2395,2025-04-27
1984,1585,2025-04-01
1985,7,2025-01-24
1986,2223,2025-11-24
1987,1625,2025-02-10
1988,1907,2025-09-15
1989,487,2025-02-05
1990,2197,2025-07-24
1991,1197,2025-12-18
1992,173,2025-07-26
1993,1464,2025-12-08
1994,2958,2025-02-02
1995,1031,2025-04-11
1996,2502,2025-03-12
1997,1698,2025-02-06
1998,2317,2025-05-18
1999,2845,2025-01-08
2000,1182,2025-05-14
2001,208,2025-05-08
2002,1524,2025-07-04
2003,1947,2025-01-11
2004,1825,2025-08-26
2005,1091,2025-12-15
2006,55,2025-11-20
2007,460,2025-10-23
2008,1611,2025-08-08
2009,180,2025-02-16
2010,1132,2025-06-03
2011,2546,2025-09-06
2012,2784,2025-08-05
2013,805,2025-08-20
2014,1778,2025-10-31
2015,382,2025-10-28
2016,878,2025-09-13
2017,736,2025-04-28
2018,158,2025-02-04
2019,875,2025-11-19
2020,1327,2025-11-29
2021,2140,2025-12-25
2022,1163,2025-12-03
2023,1675,2025-10-26
2024,1354,2025-07-21
2025,726,2025-07-28
2026,1587,2025-01-11
2027,2979,2025-12-19
2028,651,2025-09-03
2029,2437,2025-05-08
2030,1235,2025-07-15
2031,2905,2025-05-27
2032,1324,2025-06-19
2033,2240,2025-05-28
2034,155,2025-01-26
2035,1574,2025-09-18
2036,2518,2025-01-22
2037,2791,2025-12-28
2038,1616,2025-01-29
2039,1439,2025-09-05
2040,1174,2025-07-03
2041,2422,2025-06-19
2042,1625,2025-02-04
2043,2478,2025-01-23
2044,989,2025-05-15
2045,278,2025-03-06
2046,950,2025-06-20
2047,797,2025-04-14
2048,2583,2025-05-03
2049,2990,2025-05-22
2050,2520,2025-07-23
2051,2244,2025-01-09
2052,299,2025-11-11
2053,1869,2025-10-12
2054,2900,2025-10-30
2055,2287,2025-06-16
2056,1721,2025-09-02
2057,136,2025-08-13
2058,1990,2025-07-11
2059,2993,2025-09-09
2060,2385,2025-12-20
2061,138,2025-10-26
2062,2561,2025-11-12
2063,149,2025-02-18
2064,252,2025-03-06
2065,2156,2025-08-03
2066,9,2025-07-21
2067,683,2025-07-06
2068,2366,2025-02-15
2069,1534,2025-03-09
2070,2256,2025-06-05
2071,1879,2025-03-12
2072,857,2025-05-22
2073,653,2025-06-29
2074,88,2025-10-08
2075,578,2025-10-04
2076,2603,2025-07-22
2077,262,2025-01-03
2078,345,2025-11-28
2079,2082,2025-11-12
2080,2662,2025-02-01
2081,1101,2025-07-25
2082,139,2025-11-21
2083,1109,2025-01-03
2084,2460,2025-05-22
2085,1587,2025-12-29
2086,188,2025-03-02
2087,1276,2025-10-12
2088,893,2025-06-02
2089,1591,2025-06-08
2090,406,2025-10-04
2091,1138,2025-10-13
2092,2376,2025-03-30
2093,280,2025-07-31
2094,370,2025-01-23
2095,1193,2025-09-23
2096,503,2025-09-23
2097,2593,2025-12-08
2098,250,2025-07-31
2099,804,2025-06-08
2100,2303,2025-10-14
2101,1825,2025-10-20
2102,2070,2025-03-09
2103,1525,2025-05-01
2104,781,2025-11-10
2105,2290,2025-08-14
2106,2002,2025-12-13
2107,2773,2025-11-28
2108,928,2025-07-21
2109,1280,2025-10-25
2110,948,2025-12-11
2111,2990,2025-10-08
2112,2916,2025-05-31
2113,2255,2025-02-12
2114,1566,2025-09-08
2115,1030,2025-11-01
2116,100,2025-01-15
2117,428,2025-04-22
2118,1271,2025-09-08
2119,1218,2025-10-20
2120,176,2025-02-12
2121,2614,2025-02-12
2122,1223,2025-04-23
2123,459,2025-11-24
2124,458,2025-12-09
2125,2091,2025-08-05
2126,794,2025-12-29
2127,2176,2025-03-10
2128,1305,2025-09-30
2129,1351,2025-02-25
2130,454,2025-04-26
2131,551,2025-09-26
2132,755,2025-05-21
2133,2199,2025-08-27
2134,1826,2025-06-08
2135,2158,2025-12-17
2136,1791,2025-09-13
2137,1698,2025-02-12
2138,18,2025-06-07
2139,414,2025-02-23
2140,2513,2025-05-06
2141,2021,2025-11-09
2142,391,2025-01-30
2143,896,2025-09-24
2144,1793,2025-04-16
2145,1806,2025-10-25
2146,2582,2025-01-21
2147,207,2025-01-14
2148,1565,2025-12-14
2149,787,2025-02-26
2150,2289,2025-02-04
2151,161,2025-06-25
2152,992,2025-05-26
2153,1719,2025-09-06
2154,2840,2025-12-27
2155,1367,2025-10-18
2156,1613,2025-08-09
2157,828,2025-08-29
2158,384,2025-07-04
2159,1073,2025-05-17
2160,1053,2025-02-28
2161,1300,2025-03-12
2162,2825,2025-03-18
2163,2619,2025-09-26
2164,2115,2025-09-24
2165,1664,2025-06-26
2166,2615,2025-06-05
2167,1642,2025-02-04
2168,606,2025-01-17
2169,2588,2025-02-07
2170,2551,2025-02-08
2171,176,2025-11-15
2172,622,2025-11-30
2173,439,2025-01-26
2174,2872,2025-05-04
2175,705,2025-09-06
2176,2999,2025-06-17
2177,1399,2025-02-02
2178,2875,2025-12-07
2179,802,2025-10-20
2180,555,2025-04-26
2181,1714,2025-01-13
2182,1498,2025-11-06
2183,1693,2025-05-31
2184,2827,2025-08-15
2185,2301,2025-11-08
2186,1299,2025-11-30
2187,2312,2025-06-23
2188,121,2025-02-22
2189,1699,2025-01-04
2190,729,2025-12-05
2191,2916,2025-10-01
2192,1186,2025-10-01
2193,277,2025-10-09
2194,145,2025-11-20
2195,2366,2025-11-12
2196,1912,2025-06-17
2197,2509,2025-01-21
2198,1943,2025-10-27
2199,2517,2025-04-10
2200,33,2025-06-07
2201,2029,2025-02-18
2202,940,2025-04-14
2203,352,2025-06-27
2204,2756,2025-03-22
2205,2759,2025-11-17
2206,798,2025-11-02
2207,2082,2025-05-20
2208,1516,2025-11-21
2209,1591,2025-07-02
2210,1943,2025-04-21
2211,1160,2025-03-06
2212,2400,2025-10-23
2213,748,2025-08-24
2214,1204,2025-12-22
2215,2512,2025-10-18
2216,1058,2025-06-22
2217,2248,2025-03-21
2218,682,2025-04-01
2219,1731,2025-08-14
2220,2584,2025-10-25
2221,38,2025-03-02
2222,1380,2025-05-19
2223,1601,2025-06-26
2224,2315,2025-04-01
2225,1662,2025-04-30
2226,2351,2025-01-10
2227,2632,2025-09-07
2228,1107,2025-01-23
2229,1288,2025-05-07
2230,2758,2025-03-27
2231,1245,2025-09-26
2232,2527,2025-05-16
2233,895,2025-05-03
2234,1676,2025-05-23
2235,164,2025-07-18
2236,2449,2025-09-03
2237,1807,2025-10-16
2238,2406,2025-02-04
2239,2030,2025-09-09
2240,537,2025-09-07
2241,1381,2025-01-27
2242,996,2025-06-09
2243,877,2025-05-08
2244,2796,2025-11-30
2245,2611,2025-06-08
2246,1588,2025-06-29
2247,187,2025-10-02
2248,2262,2025-12-08
2249,1812,2025-08-08
2250,2584,2025-03-02
2251,901,2025-07-26
2252,1316,2025-08-02
2253,2341,2025-02-28
2254,1570,2025-06-13
2255,1931,2025-06-29
2256,205,2025-01-23
2257,1058,2025-08-20
2258,1589,2025-03-21
2259,960,2025-12-26
2260,235,2025-08-27
2261,357,2025-04-18
2262,2524,2025-12-19
2263,2809,2025-04-26
2264,2456,2025-06-08
2265,1315,2025-05-31
2266,1057,2025-04-10
2267,840,2025-10-14
2268,140,2025-01-21
2269,2600,2025-01-01
2270,2167,2025-10-31
2271,2858,2025-02-12
2272,1062,2025-03-02
2273,965,2025-06-16
2274,282,2025-10-24
2275,1686,2025-02-18
2276,1136,2025-07-04
2277,468,2025-04-01
2278,2450,2025-10-19
2279,2812,2025-10-02
2280,1180,2025-09-12
2281,1824,2025-06-11
2282,66,2025-02-01
2283,334,2025-05-29
2284,2719,2025-11-26
2285,1970,2025-05-11
2286,2268,2025-07-07
2287,2227,2025-05-21
2288,687,2025-05-24
2289,1853,2025-08-22
2290,800,2025-01-14
2291,1123,2025-06-29
2292,888,2025-07-21
2293,2686,2025-04-18
2294,376,2025-11-30
2295,2415,2025-01-09
2296,2093,2025-08-08
2297,2607,2025-08-24
2298,1302,2025-09-17
2299,423,2025-04-19
2300,2394,2025-03-28
2301,918,2025-05-17
2302,1735,2025-09-09
2303,1843,2025-08-23
2304,1542,2025-04-30
2305,992,2025-02-24
2306,1646,2025-11-15
2307,2136,2025-10-19
2308,2014,2025-08-25
2309,976,2025-05-05
2310,619,2025-02-15
2311,1441,2025-03-02
2312,2025,2025-10-06
2313,1430,2025-11-17
2314,1352,2025-09-19
2315,2934,2025-01-06
2316,1046,2025-08-12
2317,2407,2025-10-08
2318,2815,2025-11-24
2319,2442,2025-05-28
2320,2029,2025-03-23
2321,2910,2025-03-26
2322,1953,2025-10-25
2323,319,2025-07-12
2324,1468,2025-11-09
2325,671,2025-10-15
2326,2065,2025-07-14
2327,2938,2025-03-05
2328,1672,2025-08-21
2329,2997,2025-09-11
2330,2298,2025-04-06
2331,1071,2025-06-12
2332,1144,2025-02-02
2333,1334,2025-04-01
2334,710,2025-06-08
2335,1343,2025-11-12
2336,1218,2025-03-22
2337,2983,2025-03-22
2338,509,2025-05-24
2339,2910,2025-06-27
2340,325,2025-04-12
2341,1850,2025-11-05
2342,1773,2025-03-29
2343,1823,2025-03-31
2344,1582,2025-12-15
2345,2399,2025-07-07
2346,1591,2025-11-03
2347,2382,2025-11-02
2348,602,2025-08-27
2349,1133,2025-02-06
2350,2660,2025-03-11
2351,72,2025-04-16
2352,2280,2025-07-24
2353,2906,2025-01-04
2354,638,2025-02-14
2355,505,2025-07-30
2356,2687,2025-06-14
2357,1898,2025-07-12
2358,2061,2025-03-29
2359,656,2025-10-11
2360,1277,2025-01-18
2361,1073,2025-06-30
2362,2035,2025-08-03
2363,2015,2025-01-05
2364,2783,2025-11-25
2365,2309,2025-12-05
2366,767,2025-03-20
2367,2528,2025-12-11
2368,2375,2025-06-14
2369,623,2025-11-15
2370,714,2025-03-12
2371,1866,2025-11-08
2372,1862,2025-10-28
2373,1348,2025-11-09
2374,523,2025-09-08
2375,907,2025-08-09
2376,1099,2025-02-08
2377,2913,2025-02-17
2378,656,2025-06-24
2379,2305,2025-12-20
2380,2758,2025-10-08
2381,2210,2025-05-06
2382,2448,2025-01-01
2383,471,2025-07-02
2384,482,2025-12-16
2385,2158,2025-02-03
2386,2189,2025-10-01
2387,2872,2025-02-20
2388,1212,2025-09-02
2389,45,2025-01-11
2390,354,2025-04-04
2391,2111,2025-05-05
2392,223,2025-03-25
2393,2260,2025-04-16
2394,878,2025-04-26
2395,1194,2025-10-20
2396,1977,2025-11-18
2397,2112,2025-06-06
2398,2314,2025-07-18
2399,2232,2025-06-16
2400,688,2025-06-25
2401,1662,2025-04-05
2402,258,2025-10-31
2403,2821,2025-09-26
2404,1911,2025-06-10
2405,1638,2025-01-01
2406,2934,2025-03-06
2407,1325,2025-06-06
2408,1903,2025-05-09
2409,300,2025-04-25
2410,2143,2025-03-14
2411,1814,2025-02-21
2412,2220,2025-07-10
2413,1123,2025-02-25
2414,1622,2025-01-28
2415,469,2025-10-26
2416,386,2025-10-09
2417,391,2025-01-15
2418,452,2025-12-27
2419,1415,2025-01-27
2420,415,2025-11-15
2421,1388,2025-05-07
2422,2370,2025-08-27
2423,2355,2025-05-30
2424,2169,2025-09-27
2425,1695,2025-02-01
2426,65,2025-02-02
2427,317,2025-08-01
2428,474,2025-10-15
2429,2025,2025-11-09
2430,1260,2025-12-04
2431,2681,2025-05-28
2432,1712,2025-12-21
2433,257,2025-06-09
2434,849,2025-07-19
2435,2527,2025-08-06
2436,1322,2025-04-17
2437,456,2025-12-27
2438,1162,2025-09-23
2439,6,2025-11-11
2440,2880,2025-12-20
2441,943,2025-10-16
2442,839,2025-05-28
2443,1403,2025-05-12
2444,745,2025-07-03
2445,2926,2025-09-15
2446,2372,2025-07-08
2447,671,2025-05-28
2448,1373,2025-05-03
2449,2122,2025-01-23
2450,1217,2025-04-01
2451,2062,2025-08-17
2452,1457,2025-11-15
2453,893,2025-07-11
2454,2368,2025-08-10
2455,1469,2025-06-21
2456,725,2025-02-22
2457,1270,2025-02-21
2458,2833,2025-12-02
2459,1370,2025-06-05
2460,1354,2025-07-09
2461,1750,2025-05-02
2462,448,2025-12-02
2463,74,2025-11-16
2464,2324,2025-03-10
2465,1632,2025-11-17
2466,2065,2025-06-15
2467,224,2025-05-21
2468,146,2025-07-01
2469,392,2025-12-11
2470,612,2025-03-09
2471,1387,2025-08-21
2472,519,2025-06-01
2473,2543,2025-11-23
2474,2641,2025-01-11
2475,1062,2025-07-10
2476,1541,2025-11-11
2477,2029,2025-09-05
2478,2953,2025-07-21
2479,2589,2025-05-05
2480,780,2025-07-30
2481,1300,2025-01-07
2482,1312,2025-07-07
2483,244,2025-12-09
2484,1804,2025-10-13
2485,263,2025-02-17
2486,113,2025-01-26
2487,1725,2025-09-24
2488,2450,2025-06-17
2489,2708,2025-05-12
2490,2838,2025-04-25
2491,728,2025-02-24
2492,970,2025-09-03
2493,568,2025-01-12
2494,930,2025-04-21
2495,1163,2025-12-04
2496,1725,2025-05-23
2497,549,2025-07-16
2498,134,2025-12-07
2499,680,2025-07-08
2500,2014,2025-06-22
2501,2070,2025-11-25
2502,1050,2025-11-06
2503,10,2025-08-28
2504,497,2025-05-23
2505,71,2025-05-29
2506,118,2025-01-27
2507,629,2025-10-19
2508,1694,2025-12-04
2509,1973,2025-12-11
2510,2213,2025-07-25
2511,501,2025-09-04
2512,1092,2025-10-16
2513,1306,2025-12-25
2514,478,2025-11-04
2515,2937,2025-01-22
2516,2725,2025-09-14
2517,1637,2025-08-08
2518,1754,2025-04-28
2519,1486,2025-08-07
2520,1520,2025-08-02
2521,763,2025-08-14
2522,1446,2025-06-06
2523,2383,2025-12-30
2524,801,2025-06-21
2525,2303,2025-07-18
2526,2098,2025-11-25
2527,2352,2025-09-21
2528,887,2025-05-25
2529,1882,2025-04-23
2530,1137,2025-09-09
2531,1039,2025-10-08
2532,126,2025-04-02
2533,1338,2025-07-22
2534,855,2025-08-09
2535,2305,2025-01-29
2536,2272,2025-07-30
2537,2078,2025-01-14
2538,2774,2025-02-04
2539,2537,2025-02-16
2540,2571,2025-03-09
2541,2854,2025-12-24
2542,422,2025-08-08
2543,1228,2025-07-03
2544,1687,2025-04-10
2545,2837,2025-01-20
2546,1998,2025-07-09
2547,637,2025-09-30
2548,2126,2025-04-06
2549,2711,2025-09-28
2550,496,2025-02-09
2551,2716,2025-11-25
2552,623,2025-02-17
2553,236,2025-05-24
2554,1167,2025-12-07
2555,1989,2025-05-18
2556,2395,2025-11-24
2557,47,2025-06-02
2558,608,2025-02-04
2559,2096,2025-10-24
2560,427,2025-06-20
2561,1831,2025-03-28
2562,1889,2025-03-16
2563,327,2025-05-10
2564,2795,2025-04-22
2565,1179,2025-10-31
2566,2251,2025-12-12
2567,2882,2025-02-27
2568,420,2025-06-06
2569,1383,2025-07-02
2570,1898,2025-02-06
2571,1323,2025-01-18
2572,998,2025-01-21
2573,1679,2025-11-08
2574,2788,2025-04-18
2575,2641,2025-12-04
2576,2872,2025-10-18
2577,913,2025-08-02
2578,2113,2025-02-19
2579,632,2025-07-24
2580,517,2025-12-13
2581,76,2025-03-11
2582,1605,2025-08-11
2583,1203,2025-08-20
2584,1036,2025-09-10
2585,491,2025-02-25
2586,912,2025-10-25
2587,2633,2025-05-22
2588,1398,2025-07-26
2589,2395,2025-07-10
2590,2688,2025-09-23
2591,340,2025-04-10
2592,498,2025-05-20
2593,91,2025-06-20
2594,251,2025-07-30
2595,2310,2025-05-15
2596,830,2025-04-21
2597,1137,2025-10-24
2598,425,2025-08-19
2599,612,2025-02-06
2600,1358,2025-07-20
2601,999,2025-09-01
2602,79,2025-02-10
2603,2024,2025-09-27
2604,1929,2025-10-16
2605,2024,2025-11-25
2606,124,2025-11-09
2607,565,2025-06-19
2608,289,2025-05-26
2609,1208,2025-11-24
2610,2064,2025-10-15
2611,1118,2025-03-29
2612,925,2025-06-10
2613,8,2025-04-05
2614,1392,2025-09-11
2615,1838,2025-11-14
2616,2458,2025-04-15
2617,2604,2025-10-25
2618,1743,2025-01-27
2619,2345,2025-08-27
2620,2381,2025-01-26
2621,670,2025-02-09
2622,1511,2025-08-23
2623,1348,2025-06-09
2624,2691,2025-06-23
2625,2264,2025-07-19
2626,1999,2025-05-17
2627,1808,2025-11-09
2628,1527,2025-09-08
2629,1507,2025-11-03
2630,1840,2025-09-14
2631,549,2025-12-25
2632,1043,2025-06-08
2633,1139,2025-12-28
2634,2900,2025-09-25
2635,1845,2025-05-24
2636,850,2025-01-12
2637,2553,2025-02-12
2638,888,2025-03-08
2639,1487,2025-03-12
2640,1166,2025-02-01
2641,261,2025-07-26
2642,1310,2025-05-06
2643,640,2025-04-19
2644,1932,2025-12-31
2645,63,2025-03-15
2646,2393,2025-02-19
2647,766,2025-11-07
2648,1729,2025-09-14
2649,2,2025-07-09
2650,787,2025-02-01
2651,1791,2025-09-10
2652,866,2025-05-13
2653,2333,2025-12-12
2654,583,2025-02-02
2655,1232,2025-06-04
2656,1898,2025-07-09
2657,1602,2025-06-05
2658,2389,2025-12-20
2659,2386,2025-06-13
2660,2683,2025-07-08
2661,1459,2025-06-18
2662,1145,2025-09-20
2663,693,2025-08-30
2664,2785,2025-02-18
2665,901,2025-07-31
2666,975,2025-07-10
2667,2447,2025-06-15
2668,2286,2025-02-15
2669,2104,2025-05-02
2670,2291,2025-04-19
2671,887,2025-08-21
2672,88,2025-02-12
2673,1655,2025-12-23
2674,409,2025-10-13
2675,2241,2025-07-19
2676,2335,2025-07-18
2677,2463,2025-10-31
2678,1098,2025-05-30
2679,1183,2025-06-03
2680,1057,2025-02-22
2681,251,2025-10-07
2682,2167,2025-01-11
2683,1809,2025-08-19
2684,1061,2025-08-02
2685,2378,2025-03-25
2686,2496,2025-11-13
2687,958,2025-12-12
2688,1810,2025-04-18
2689,1370,2025-06-25
2690,214,2025-05-30
2691,2845,2025-05-06
2692,1549,2025-07-01
2693,2857,2025-11-06
2694,315,2025-03-08
2695,1609,2025-08-04
2696,1387,2025-03-25
2697,1027,2025-02-01
2698,1456,2025-03-14
2699,1545,2025-06-05
2700,473,2025-02-22
2701,370,2025-01-09
2702,992,2025-05-05
2703,2719,2025-10-30
2704,136,2025-09-15
2705,1842,2025-12-07
2706,1656,2025-09-02
2707,1142,2025-04-29
2708,815,2025-12-16
2709,2711,2025-12-20
2710,717,2025-12-16
2711,421,2025-09-23
2712,301,2025-10-27
2713,2370,2025-01-11
2714,2778,2025-06-09
2715,870,2025-10-22
2716,340,2025-01-15
2717,311,2025-02-28
2718,727,2025-03-29
2719,2522,2025-12-30
2720,295,2025-09-10
2721,1459,2025-03-14
2722,2858,2025-07-23
2723,2902,2025-07-01
2724,397,2025-12-07
2725,2684,2025-02-26
2726,2431,2025-10-22
2727,196,2025-04-22
2728,2820,2025-05-06
2729,318,2025-03-14
2730,1326,2025-08-06
2731,608,2025-09-14
2732,300,2025-11-06
2733,1831,2025-02-14
2734,1147,2025-06-30
2735,1953,2025-05-28
2736,2622,2025-11-20
2737,2657,2025-02-22
2738,1894,2025-07-23
2739,596,2025-06-23
2740,1537,2025-08-15
2741,1599,2025-12-10
2742,2117,2025-10-25
2743,1888,2025-03-04
2744,953,2025-03-10
2745,2639,2025-08-12
2746,2316,2025-09-11
2747,730,2025-05-23
2748,1279,2025-07-04
2749,717,2025-10-30
2750,1527,2025-05-06
2751,90,2025-11-22
2752,1879,2025-04-21
2753,1994,2025-11-02
2754,6,2025-02-15
2755,454,2025-01-29
2756,2341,2025-12-14
2757,1097,2025-02-04
2758,957,2025-02-09
2759,2753,2025-06-01
2760,2583,2025-03-22
2761,2605,2025-07-20
2762,829,2025-11-13
2763,2093,2025-07-23
2764,2896,2025-06-18
